rank,tier,product,avg_daily_usd_M,vol30d_usd_M,spread_bps,history_days,excluded
1,LARGE,BTC-USD,495.41,14862.2,0.0,350,
2,LARGE,ETH-USD,262.75,7882.5,0.19,350,
3,LARGE,XRP-USD,155.04,4651.3,0.68,350,
4,LARGE,ZEC-USD,146.2,4386.0,3.33,350,
5,LARGE,SOL-USD,108.58,3257.4,0.84,350,
6,LARGE,NEAR-USD,57.71,1731.2,2.0,350,
7,LARGE,SUI-USD,35.08,1052.5,1.76,350,
8,LARGE,QNT-USD,32.13,964.0,3.59,350,
9,LARGE,LINK-USD,25.31,759.4,0.73,350,
10,LARGE,ADA-USD,21.15,634.5,0.39,350,
11,MID,UNI-USD,19.34,580.1,0.61,350,
12,MID,AVAX-USD,17.28,518.4,1.8,350,
13,MID,XLM-USD,15.84,475.2,3.97,350,
14,MID,PUMP-USD,15.52,465.7,6.26,350,
15,MID,HBAR-USD,14.5,434.9,3.12,350,
16,MID,TAO-USD,13.75,412.5,2.36,350,
17,MID,LTC-USD,13.51,405.3,2.07,350,
18,MID,VVV-USD,13.12,393.5,5.33,350,
19,MID,ONDO-USD,12.82,384.6,2.55,350,
20,MID,AERO-USD,8.75,262.5,7.6,350,
21,MID,ENA-USD,8.29,248.7,3.91,350,
22,MID,USELESS-USD,7.98,239.3,12.82,350,
23,MID,BCH-USD,7.8,234.1,1.95,350,
24,MID,AAVE-USD,7.77,233.1,3.42,350,
25,MID,ARB-USD,7.25,217.6,9.1,350,
26,MID,FET-USD,5.69,170.7,12.15,350,
27,MID,ZRO-USD,5.12,153.5,4.54,350,
28,,WLD-USD,4.53,135.9,3.85,350,
29,,DOT-USD,4.53,135.8,4.45,350,
30,,ICP-USD,4.5,135.1,5.93,350,
31,,INJ-USD,4.35,130.6,5.3,350,
32,,FIL-USD,3.95,118.5,3.67,350,
33,,MON-USD,3.47,104.2,11.14,318,
34,,RENDER-USD,3.33,99.9,9.13,350,
35,,DASH-USD,3.3,98.9,1.86,350,
36,,BNB-USD,2.79,83.8,2.86,350,
37,,SEI-USD,2.49,74.6,5.77,350,
38,,ALGO-USD,2.46,73.9,0.84,350,
39,,APT-USD,2.14,64.1,7.79,350,
40,,CRV-USD,2.09,62.8,2.84,350,
41,,XPL-USD,1.86,55.9,9.09,310,
42,,VTHO-USD,1.81,54.2,11.36,350,
43,,MORPHO-USD,1.74,52.3,6.23,350,
44,,ORCA-USD,1.7,51.1,22.34,350,
45,,STRK-USD,1.64,49.2,1.97,350,
46,,STX-USD,1.56,46.8,17.55,350,
47,,TIA-USD,1.45,43.4,2.23,350,
48,,XCN-USD,1.43,42.8,17.71,350,
49,,POL-USD,1.4,42.1,7.72,350,
50,,PENDLE-USD,1.38,41.3,10.75,350,
51,,JTO-USD,1.32,39.7,5.71,350,
52,,ATOM-USD,1.32,39.6,8.17,350,
53,,NMR-USD,1.31,39.4,5.81,350,
54,,ETC-USD,1.31,39.3,4.72,350,
55,,SAND-USD,1.3,39.1,26.67,350,
56,,JASMY-USD,1.29,38.6,20.02,350,
57,,CRO-USD,1.29,38.6,13.95,350,
58,,AKT-USD,1.26,37.7,8.31,350,
59,,COTI-USD,1.2,36.0,6.75,350,
60,,ASTER-USD,1.2,36.0,7.04,322,
61,,AURORA-USD,1.19,35.8,52.06,350,
62,,DIMO-USD,1.14,34.1,2.73,350,
63,,SYRUP-USD,1.13,33.8,4.2,350,
64,,HNT-USD,1.1,33.0,17.66,350,
65,,OP-USD,1.04,31.2,4.11,350,
66,,GRT-USD,1.03,30.8,6.49,350,
67,,JUPITER-USD,1.03,30.8,6.1,303,
68,,LCX-USD,0.95,28.6,71.89,350,
69,,PYTH-USD,0.92,27.6,8.3,350,
70,,SKY-USD,0.92,27.5,6.84,350,
71,,SUPER-USD,0.9,27.1,9.6,350,
72,,VET-USD,0.89,26.6,8.47,350,
73,,TON-USD,0.86,25.7,8.8,324,
74,,EDGE-USD,0.85,25.4,49.15,350,
75,,APE-USD,0.82,24.5,5.97,350,
76,,GTC-USD,0.81,24.4,17.52,350,
77,,BNKR-USD,0.81,24.3,47.66,350,
78,,TRAC-USD,0.77,23.2,29.61,350,
79,,ETHFI-USD,0.74,22.3,13.15,350,
80,,PLUME-USD,0.74,22.2,5.55,302,
81,,FLOCK-USD,0.71,21.4,18.3,350,
82,,AIOZ-USD,0.71,21.4,15.57,350,
83,,MET-USD,0.7,21.0,9.58,350,
84,,WLFI-USD,0.7,21.0,5.46,350,
85,,B3-USD,0.68,20.4,23.82,350,
86,,QI-USD,0.67,20.2,72.73,350,
87,,ZORA-USD,0.65,19.5,4.15,350,
88,,FLR-USD,0.61,18.4,5.58,350,
89,,ZEN-USD,0.59,17.8,9.0,350,
90,,LDO-USD,0.59,17.7,7.36,350,
91,,REZ-USD,0.58,17.5,11.13,350,
92,,CFG-USD,0.57,17.2,14.37,350,
93,,ATH-USD,0.57,17.0,11.78,350,
94,,ALEO-USD,0.56,16.9,21.51,350,
95,,NOM-USD,0.54,16.2,11.86,329,
96,,AVNT-USD,0.53,16.0,4.82,350,
97,,S-USD,0.53,15.9,7.12,350,
98,,HONEY-USD,0.49,14.7,48.25,350,
99,,AMP-USD,0.45,13.5,23.7,350,
100,,RARE-USD,0.45,13.4,7.76,350,
101,,XAN-USD,0.44,13.1,8.65,350,
102,,CVX-USD,0.43,12.9,18.87,350,
103,,IO-USD,0.43,12.9,0.62,350,
104,,MANTLE-USD,0.42,12.7,6.89,350,
105,,API3-USD,0.42,12.6,9.61,350,
106,,XTZ-USD,0.41,12.4,12.7,350,
107,,POND-USD,0.41,12.3,10.45,350,
108,,EIGEN-USD,0.41,12.3,9.25,350,
109,,MINA-USD,0.41,12.2,9.81,350,
110,,RLC-USD,0.4,11.9,18.05,350,
111,,IMX-USD,0.37,11.2,15.32,350,
112,,BICO-USD,0.37,11.0,9.5,350,
113,,TRB-USD,0.37,11.0,14.3,350,
114,,MNDE-USD,0.36,10.9,40.33,350,
115,,HFT-USD,0.36,10.8,15.54,350,
116,,COMP-USD,0.36,10.8,8.65,350,
117,,STG-USD,0.35,10.5,15.79,350,
118,,SPK-USD,0.35,10.4,8.73,350,
119,,DRIFT-USD,0.35,10.4,5.41,350,
120,,FORTH-USD,0.33,10.0,37.06,350,
121,,BAT-USD,0.33,9.9,10.37,350,
122,,CELR-USD,0.33,9.8,20.62,350,
123,,NEON-USD,0.33,9.8,29.46,350,
124,,OXT-USD,0.32,9.6,48.38,350,
125,,ZK-USD,0.32,9.6,8.36,350,
126,,CAKE-USD,0.31,9.3,8.65,350,
127,,MAMO-USD,0.31,9.3,81.82,350,
128,,KMNO-USD,0.31,9.3,7.72,350,
129,,BERA-USD,0.3,9.0,12.56,350,
130,,TROLL-USD,0.29,8.6,31.53,350,
131,,ALICE-USD,0.28,8.5,16.03,350,
132,,EGLD-USD,0.28,8.5,9.63,350,
133,,POWR-USD,0.28,8.4,31.8,350,
134,,SKL-USD,0.28,8.3,19.86,350,
135,,ALLO-USD,0.27,8.1,11.93,330,
136,,KTA-USD,0.26,7.8,45.28,350,
137,,ENS-USD,0.26,7.8,7.69,350,
138,,HIGH-USD,0.25,7.6,98.15,350,
139,,MANA-USD,0.25,7.6,9.65,350,
140,,ILV-USD,0.25,7.6,33.3,350,
141,,VELO-USD,0.25,7.6,17.48,350,
142,,MASK-USD,0.24,7.3,15.2,350,
143,,APR-USD,0.24,7.3,8.45,350,
144,,CVC-USD,0.23,7.0,43.98,350,
145,,SHDW-USD,0.23,7.0,268.58,350,
146,,AXS-USD,0.23,6.9,6.57,350,
147,,W-USD,0.23,6.9,14.0,350,
148,,MAGIC-USD,0.23,6.8,18.89,350,
149,,G-USD,0.23,6.8,18.39,350,
150,,SUSHI-USD,0.22,6.7,12.57,350,
151,,CLANKER-USD,0.22,6.7,21.67,350,
152,,AXL-USD,0.22,6.6,19.55,350,
153,,MDT-USD,0.21,6.4,55.63,350,
154,,ZKC-USD,0.21,6.3,24.48,350,
155,,YFI-USD,0.21,6.3,8.83,350,
156,,AVT-USD,0.21,6.2,83.89,350,
157,,ACH-USD,0.2,6.1,8.7,350,
158,,RED-USD,0.2,6.0,13.3,350,
159,,SQD-USD,0.2,6.0,10.26,350,
160,,SPA-USD,0.19,5.8,6.96,350,
161,,PROVE-USD,0.19,5.8,4.86,350,
162,,PNG-USD,0.18,5.4,61.2,350,
163,,FARM-USD,0.18,5.3,176.28,350,
164,,ROSE-USD,0.18,5.3,16.69,350,
165,,PYR-USD,0.17,5.2,146.54,350,
166,,KITE-USD,0.17,5.1,17.44,339,
167,,GFI-USD,0.17,5.1,25.74,350,
168,,LPT-USD,0.17,5.1,14.2,350,
169,,SAFE-USD,0.17,5.0,18.99,350,
170,,KAITO-USD,0.16,4.9,6.21,350,
171,,HOME-USD,0.16,4.9,17.78,350,
172,,KARRAT-USD,0.16,4.9,33.06,350,
173,,2Z-USD,0.16,4.7,5.05,350,
174,,LA-USD,0.15,4.6,15.55,350,
175,,SWFTC-USD,0.15,4.5,49.99,350,
176,,SNX-USD,0.15,4.5,10.25,350,
177,,ABT-USD,0.15,4.5,20.49,350,
178,,AUDIO-USD,0.15,4.5,23.7,350,
179,,RSR-USD,0.15,4.4,12.11,350,
180,,SXT-USD,0.15,4.4,7.9,350,
181,,VARA-USD,0.14,4.3,11.93,350,
182,,DOGINME-USD,0.14,4.3,167.35,350,
183,,ZRX-USD,0.14,4.2,19.6,350,
184,,DIA-USD,0.14,4.1,40.11,350,
185,,L3-USD,0.13,4.0,35.27,350,
186,,PROMPT-USD,0.13,3.9,63.26,350,
187,,1INCH-USD,0.13,3.9,9.03,350,
188,,CTSI-USD,0.13,3.9,7.05,350,
189,,WELL-USD,0.13,3.9,71.84,350,
190,,FORT-USD,0.13,3.9,15.09,350,
191,,CGLD-USD,0.13,3.8,10.26,350,
192,,SWELL-USD,0.13,3.8,22.03,350,
193,,ANKR-USD,0.13,3.8,39.5,350,
194,,NCT-USD,0.13,3.8,20.28,350,
195,,KSM-USD,0.12,3.7,24.39,350,
196,,SPELL-USD,0.12,3.7,10.6,350,
197,,RARI-USD,0.12,3.6,203.87,350,
198,,RLS-USD,0.12,3.5,20.92,311,
199,,XYO-USD,0.12,3.5,54.35,350,
200,,T-USD,0.12,3.5,43.1,350,
201,,PRO-USD,0.11,3.4,2.74,350,
202,,BLZ-USD,0.11,3.4,57.25,350,
203,,COW-USD,0.11,3.4,6.78,350,
204,,MPLX-USD,0.11,3.3,15.27,350,
205,,PRIME-USD,0.11,3.3,15.97,350,
206,,BOBBOB-USD,0.11,3.2,42.55,321,
207,,RAD-USD,0.11,3.2,31.6,350,
208,,WMTX-USD,0.11,3.2,14.03,317,
209,,FAI-USD,0.1,3.1,47.17,350,
210,,TRUST-USD,0.1,3.1,17.91,337,
211,,ZETA-USD,0.1,3.1,14.59,350,
212,,METIS-USD,0.1,3.0,8.46,350,
213,,VOXEL-USD,0.1,3.0,63.74,350,
214,,TREE-USD,0.1,3.0,6.59,350,
215,,KEYCAT-USD,0.1,2.9,67.0,350,
216,,CHZ-USD,0.1,2.9,6.9,350,
217,,COOKIE-USD,0.1,2.9,12.44,350,
218,,ALEPH-USD,0.1,2.9,67.96,350,
219,,BIO-USD,0.1,2.9,20.73,350,
220,,TOWNS-USD,0.09,2.8,11.32,350,
221,,PUNDIX-USD,0.09,2.8,34.78,350,
222,,BLAST-USD,0.09,2.8,104.46,350,
223,,CTX-USD,0.09,2.8,46.57,350,
224,,CORECHAIN-USD,0.09,2.7,4.49,350,
225,,PRCL-USD,0.09,2.7,32.21,350,
226,,EUL-USD,0.09,2.7,14.14,350,
227,,GHST-USD,0.09,2.7,16.01,350,
228,,SYND-USD,0.09,2.7,1.41,350,
229,,ALCX-USD,0.09,2.6,74.91,350,
230,,NKN-USD,0.09,2.6,51.84,350,
231,,LRDS-USD,0.09,2.6,227.78,350,
232,,FLUID-USD,0.09,2.6,21.28,317,
233,,A8-USD,0.08,2.5,116.15,350,
234,,OGN-USD,0.08,2.5,18.55,350,
235,,BAL-USD,0.08,2.5,38.07,350,
236,,GLM-USD,0.08,2.5,7.76,350,
237,,DBR-USD,0.08,2.4,27.37,344,
238,,ME-USD,0.08,2.4,7.0,350,
239,,C98-USD,0.08,2.3,39.66,350,
240,,AST-USD,0.08,2.3,136.89,350,
241,,FLOW-USD,0.07,2.2,15.84,350,
242,,UMA-USD,0.07,2.2,20.27,350,
243,,KERNEL-USD,0.07,2.2,35.11,350,
244,,GODS-USD,0.07,2.0,16.01,350,
245,,KAVA-USD,0.06,1.9,29.99,350,
246,,ZETACHAIN-USD,0.06,1.9,41.58,350,
247,,AERGO-USD,0.06,1.9,60.89,350,
248,,GST-USD,0.06,1.9,73.8,350,
249,,SHPING-USD,0.06,1.9,89.29,350,
250,,ARKM-USD,0.06,1.9,16.51,350,
251,,SAPIEN-USD,0.06,1.8,12.34,350,
252,,LINEA-USD,0.06,1.8,12.83,350,
253,,OCEAN-USD,0.06,1.8,26.25,350,
254,,BLUR-USD,0.06,1.7,26.06,350,
255,,HOPR-USD,0.06,1.7,137.99,350,
256,,BARD-USD,0.06,1.7,7.99,350,
257,,SD-USD,0.05,1.6,16.65,350,
258,,TNSR-USD,0.05,1.6,18.36,350,
259,,BTRST-USD,0.05,1.6,74.78,350,
260,,PLU-USD,0.05,1.6,14.18,350,
261,,MATH-USD,0.05,1.6,78.74,350,
262,,AGLD-USD,0.05,1.6,10.07,350,
263,,ARPA-USD,0.05,1.5,32.8,350,
264,,SUP-USD,0.05,1.4,16.15,324,
265,,RPL-USD,0.05,1.4,29.05,350,
266,,LQTY-USD,0.05,1.4,21.07,350,
267,,AUCTION-USD,0.05,1.4,42.57,350,
268,,KNC-USD,0.05,1.4,14.36,350,
269,,GMT-USD,0.04,1.3,26.23,350,
270,,MLN-USD,0.04,1.3,0.66,350,
271,,PERP-USD,0.04,1.3,48.19,350,
272,,BIGTIME-USD,0.04,1.3,5.86,350,
273,,IRYS-USD,0.04,1.3,20.07,317,
274,,AWE-USD,0.04,1.3,312.16,350,
275,,ASM-USD,0.04,1.2,48.12,350,
276,,RECALL-USD,0.04,1.1,3.15,350,
277,,ELA-USD,0.04,1.1,129.7,350,
278,,NEWT-USD,0.04,1.1,42.83,350,
279,,OSMO-USD,0.04,1.1,35.15,350,
280,,FIDA-USD,0.04,1.1,10.67,350,
281,,NOICE-USD,0.04,1.1,71.11,350,
282,,RSC-USD,0.03,1.0,34.7,350,
283,,BOBA-USD,0.03,1.0,48.9,350,
284,,ACS-USD,0.03,1.0,44.97,350,
285,,00-USD,0.03,1.0,310.85,350,
286,,SUKU-USD,0.03,1.0,1.83,350,
287,,DNT-USD,0.03,0.9,93.04,350,
288,,INDEX-USD,0.03,0.8,18.49,350,
289,,BAND-USD,0.03,0.8,92.74,350,
290,,COSMOSDYDX-USD,0.03,0.8,14.95,350,
291,,REQ-USD,0.03,0.8,72.6,350,
292,,FOX-USD,0.02,0.7,52.49,350,
293,,LAYER-USD,0.02,0.7,20.24,350,
294,,POLS-USD,0.02,0.7,31.65,350,
295,,YB-USD,0.02,0.7,36.83,350,
296,,ERA-USD,0.02,0.7,32.52,350,
297,,DOLO-USD,0.02,0.6,44.12,350,
298,,WET-USD,0.02,0.6,32.26,303,
299,,WCT-USD,0.02,0.5,49.02,350,
300,,BNT-USD,0.02,0.5,15.04,350,
301,,INV-USD,0.02,0.5,207.68,350,
302,,DEXT-USD,0.01,0.4,285.88,350,
303,,GNO-USD,0.01,0.4,184.69,350,
304,,HYPER-USD,0.01,0.4,28.99,302,
305,,ALT-USD,0.01,0.4,26.56,350,
306,,KRL-USD,0.01,0.3,42.08,350,
,,BEAM-USD,0.08,2.5,37.45,296,history < 300d
,,WIF-USD,,,,,memecoin (project 3)
,,ROBO-USD,0.1,3.1,11.95,223,history < 300d
,,MEZO-USD,0.07,2.0,122.67,190,history < 300d
,,GEOD-USD,0.39,11.8,6.56,107,history < 300d
,,MEGA-USD,0.55,16.6,6.75,161,history < 300d
,,TURBO-USD,,,,,memecoin (project 3)
,,MOG-USD,,,,,memecoin (project 3)
,,KAIO-USD,0.36,10.9,21.66,155,history < 300d
,,EDGEX-USD,0.09,2.8,11.74,191,history < 300d
,,PAX-USD,,,,,stablecoin
,,PEPE-USD,,,,,memecoin (project 3)
,,ZKP-USD,0.04,1.1,17.13,293,history < 300d
,,DEEP-USD,0.15,4.6,9.05,239,history < 300d
,,LSETH-USD,,,,,wrapped/staked
,,WAL-USD,0.05,1.5,11.04,239,history < 300d
,,TRUMP-USD,,,,,memecoin (project 3)
,,CTR-USD,0.16,4.7,26.03,135,history < 300d
,,GWEI-USD,0.18,5.3,14.19,226,history < 300d
,,PROS-USD,0.35,10.4,23.47,163,history < 300d
,,DRB-USD,0.23,6.9,206.39,45,history < 300d
,,FLOKI-USD,,,,,memecoin (project 3)
,,SKR-USD,0.63,19.0,7.22,260,history < 300d
,,NEX-USD,0.1,2.9,124.22,141,history < 300d
,,KAT-USD,0.18,5.4,11.01,204,history < 300d
,,CT-USD,0.45,13.4,13.04,8,history < 300d
,,TRIA-USD,0.16,4.8,36.69,247,history < 300d
,,FARTCOIN-USD,,,,,memecoin (project 3)
,,SHIB-USD,,,,,memecoin (project 3)
,,THQ-USD,0.02,0.7,18.45,296,history < 300d
,,UP-USD,0.26,7.7,25.75,240,history < 300d
,,LMTS-USD,0.02,0.7,14.38,216,history < 300d
,,HYPE-USD,35.37,1061.2,1.1,245,history < 300d
,,AI-USD,0.06,1.9,14.34,162,history < 300d
,,GRVT-USD,0.12,3.7,13.57,70,history < 300d
,,CP-USD,0.29,8.7,17.47,36,history < 300d
,,WAXL-USD,,,,,wrapped/staked
,,DOGE-USD,,,,,memecoin (project 3)
,,SENT-USD,0.56,16.7,7.98,259,history < 300d
,,DEGEN-USD,,,,,memecoin (project 3)
,,BREV-USD,0.02,0.5,23.12,275,history < 300d
,,PNUT-USD,,,,,memecoin (project 3)
,,BASED1-USD,0.07,2.2,7.81,192,history < 300d
,,INX-USD,0.05,1.5,17.01,251,history < 300d
,,FUN1-USD,0.07,2.0,19.26,266,history < 300d
,,ARX-USD,0.43,13.0,29.59,108,history < 300d
,,DRV-USD,3.66,109.7,33.11,133,history < 300d
,,USD1-USD,,,,,stablecoin
,,MSOL-USD,,,,,wrapped/staked
,,WRON-USD,0.02,0.7,16.69,143,history < 300d
,,CAP-USD,1.35,40.4,13.81,104,history < 300d
,,USDS-USD,,,,,stablecoin
,,AZTEC-USD,0.16,4.8,12.51,238,history < 300d
,,IMU-USD,0.06,1.7,36.0,259,history < 300d
,,USDT-USD,,,,,stablecoin
,,BONK-USD,,,,,memecoin (project 3)
,,DIEM-USD,0.05,1.4,45.67,169,history < 300d
,,BILL-USD,0.54,16.3,17.84,157,history < 300d
,,ZAMA-USD,0.89,26.6,10.05,248,history < 300d
,,CHIP-USD,0.99,29.6,10.0,170,history < 300d
,,SPX-USD,,,,,memecoin (project 3)
,,ICNT-USD,0.04,1.2,10.42,197,history < 300d
,,CBETH-USD,,,,,wrapped/staked
,,GROVE-USD,0.05,1.6,12.78,94,history < 300d
,,BIRB-USD,0.13,4.0,13.31,253,history < 300d
,,O-USD,0.14,4.1,51.05,113,history < 300d
,,CHECK-USD,0.01,0.4,26.54,189,history < 300d
,,RNBW-USD,0.02,0.7,29.31,245,history < 300d
,,POPCAT-USD,,,,,memecoin (project 3)
,,JITOSOL-USD,,,,,wrapped/staked
,,VIRTUAL-USD,0.66,19.9,15.41,162,history < 300d
,,DOOD-USD,0.06,1.8,36.63,245,history < 300d
,,ELSA-USD,0.04,1.1,24.82,261,history < 300d
,,BLEND-USD,0.02,0.5,15.52,167,history < 300d
,,MOODENG-USD,,,,,memecoin (project 3)
,,GRASS-USD,0.82,24.6,10.59,43,history < 300d
,,TOSHI-USD,,,,,memecoin (project 3)
,,RAY-USD,2.94,88.3,12.73,267,history < 300d
,,FIGHT-USD,0.06,1.8,105.82,259,history < 300d
,,OPG-USD,0.17,5.2,20.36,170,history < 300d
,,BASECAT-USD,0.59,17.7,83.82,45,history < 300d
,,OPN-USD,0.03,1.0,35.09,217,history < 300d
,,RE-USD,0.28,8.4,6.43,112,history < 300d
,,PENGU-USD,,,,,memecoin (project 3)
,,ALIGN-USD,0.2,6.0,17.47,49,history < 300d
,,SIGN-USD,0.02,0.7,22.67,170,history < 300d
,,PRL-USD,0.09,2.6,27.0,197,history < 300d
,,PAXG-USD,,,,,stablecoin
,,META-USD,0.02,0.6,298.31,133,history < 300d
,,BLUECHIP-USD,0.23,6.8,28.45,22,history < 300d
,,ESP-USD,0.17,5.0,14.46,237,history < 300d
,,RAVE-USD,0.46,13.8,16.42,239,history < 300d
,,LIGHTER-USD,5.08,152.3,5.43,266,history < 300d
,,GIGA-USD,,,,,memecoin (project 3)
