strategy,asset,entry_ts,exit_ts,ret,exit
trend,ETH-USD,1569628800,1569715200,-0.07915041286604696,signal
trend,ETH-USD,1569888000,1570233600,-0.0755151268563311,signal
trend,AERO-USD,1570492800,1570838400,-0.11715487620221166,signal
trend,ZRO-USD,1569628800,1571011200,-0.05827091578756538,signal
trend,ZRO-USD,1571097600,1571270400,-0.0497182719925624,signal
trend,ZRO-USD,1571356800,1571443200,-0.07067261569833783,signal
trend,SOL-USD,1569715200,1573171200,0.24026269233728348,signal
trend,SOL-USD,1573257600,1573344000,-0.0829928200070551,signal
trend,UNI-USD,1572998400,1574208000,-0.01786756847094162,signal
trend,SOL-USD,1573689600,1574467200,0.010735255307129155,signal
trend,ETH-USD,1571184000,1574640000,-0.05189425793027891,signal
trend,SOL-USD,1574640000,1574726400,-0.036659339979784544,signal
trend,BTC-USD,1569628800,1576108800,0.007658032454646024,signal
trend,BTC-USD,1577059200,1577145600,-0.03573438905806203,signal
trend,ZRO-USD,1576108800,1577491200,-0.11419973014248153,signal
trend,UNI-USD,1575417600,1578441600,0.04023398026517655,signal
trend,ZRO-USD,1577577600,1578700800,0.02429179435484885,signal
trend,UNI-USD,1578787200,1578873600,-0.04472547883498501,signal
trend,SOL-USD,1576108800,1579392000,0.03499100454346182,signal
trend,ZRO-USD,1579478400,1579651200,-0.04394788206063538,signal
trend,ZRO-USD,1579910400,1580428800,-0.024414376250692316,signal
trend,SOL-USD,1579478400,1580515200,-0.012664193502873844,signal
trend,ZRO-USD,1580601600,1580688000,-0.05149234572788286,signal
trend,ZRO-USD,1580860800,1580947200,-0.020403633376975816,signal
trend,AERO-USD,1578528000,1581033600,0.07127672023312215,signal
trend,BTC-USD,1580083200,1581465600,-0.11821880933268891,signal
trend,AERO-USD,1581465600,1581552000,-0.029967175125043877,signal
trend,BTC-USD,1581552000,1581638400,-0.07349495805076611,signal
trend,AERO-USD,1581724800,1582070400,-0.023041978739427704,signal
trend,AERO-USD,1582156800,1582329600,-0.05414418977065161,signal
trend,AERO-USD,1582416000,1582934400,-0.009256867642350675,signal
trend,UNI-USD,1582934400,1583625600,-0.1532003338282022,signal
trend,ETH-USD,1585180800,1585440000,-0.14300736424622418,signal
trend,SOL-USD,1585440000,1585699200,-0.05827231682098877,signal
trend,ETH-USD,1585526400,1585699200,-0.046012590551304466,signal
trend,ETH-USD,1585785600,1586217600,-0.051371715873611445,signal
trend,SOL-USD,1586736000,1587513600,-0.0041710805532158,signal
trend,SOL-USD,1587772800,1587859200,-0.02976276481186435,signal
trend,SOL-USD,1587945600,1588291200,-0.05651638882834653,signal
trend,SOL-USD,1588377600,1588464000,-0.05773472105716371,signal
trend,ZRO-USD,1588118400,1589155200,-0.16911467228008392,signal
trend,BTC-USD,1588204800,1589414400,-0.1196904880038856,signal
trend,UNI-USD,1584144000,1590451200,0.43942000874967047,signal
trend,ETH-USD,1592265600,1593043200,-0.1049590354167208,signal
trend,ETH-USD,1593129600,1594857600,0.047885746594817036,signal
trend,UNI-USD,1595289600,1595635200,-0.14163444711742712,signal
trend,SOL-USD,1595635200,1597104000,-0.06452703904662016,signal
trend,AERO-USD,1595289600,1597190400,-0.06285914217470556,signal
trend,AERO-USD,1597276800,1599091200,0.0780209648789858,signal
trend,ZRO-USD,1594512000,1599436800,0.2900445269926022,signal
trend,SOL-USD,1597536000,1599782400,0.06826090599046108,signal
trend,ZRO-USD,1599523200,1599955200,-0.05605518838548418,signal
trend,ETH-USD,1599868800,1599955200,-0.08636782521807285,signal
trend,ZRO-USD,1600214400,1600300800,-0.02079146124221687,signal
trend,UNI-USD,1596585600,1600560000,0.1783273775655343,signal
trend,ZRO-USD,1600387200,1600560000,-0.02297250518815408,signal
trend,ETH-USD,1600560000,1600646400,-0.012482653494523821,signal
trend,ZRO-USD,1600646400,1600819200,-0.05052633931060457,signal
trend,SOL-USD,1600646400,1600905600,-0.017644350077923865,signal
trend,UNI-USD,1600819200,1600905600,-0.09353522363617572,signal
trend,ETH-USD,1600732800,1600992000,-0.11145418859388356,signal
trend,ZRO-USD,1600905600,1602201600,0.004197743865303805,signal
trend,ZRO-USD,1602288000,1602460800,-0.02016758302637145,signal
trend,ETH-USD,1601078400,1604361600,0.18888817163443328,signal
trend,ETH-USD,1604880000,1605052800,-0.023527131961654568,signal
trend,ETH-USD,1605139200,1605225600,-0.08277325338162478,signal
trend,ETH-USD,1606435200,1606608000,-0.035278652375985486,signal
trend,SOL-USD,1606694400,1607731200,-0.12633869880165383,signal
trend,SOL-USD,1607817600,1608076800,-0.034529835218648275,signal
trend,SOL-USD,1608163200,1608249600,-0.07621678322891678,signal
trend,SOL-USD,1608336000,1608422400,-0.07306249025353373,signal
trend,SOL-USD,1608854400,1609027200,-0.07983245630977098,signal
trend,ETH-USD,1608595200,1609459200,-0.10037450639749468,signal
trend,ETH-USD,1609977600,1611100800,-0.03797740784606063,signal
trend,ETH-USD,1611360000,1611446400,-0.022518257268657083,signal
trend,UNI-USD,1605312000,1611532800,0.5904293602221424,signal
trend,BTC-USD,1610928000,1611792000,-0.13365811636335312,signal
trend,ETH-USD,1611532800,1612051200,-0.11409820649106417,signal
trend,ETH-USD,1612310400,1612396800,-0.030502117796956774,signal
trend,BTC-USD,1612310400,1612483200,-0.029715650236028845,signal
trend,BTC-USD,1612569600,1612656000,-0.09059297286225676,signal
trend,ETH-USD,1612569600,1612742400,-0.08197255618436727,signal
trend,AERO-USD,1608681600,1613520000,0.404625825191645,signal
trend,AERO-USD,1613606400,1613692800,-0.05059385161686436,signal
trend,AERO-USD,1613865600,1614297600,-0.022290974786373874,signal
trend,ETH-USD,1614211200,1614729600,-0.07084594695967461,signal
trend,SOL-USD,1609372800,1614816000,0.5749357044859995,signal
trend,SOL-USD,1615334400,1615507200,-0.08239539471290991,signal
trend,SOL-USD,1615766400,1615852800,-0.03937602079814018,signal
trend,SOL-USD,1616284800,1616371200,-0.048497575910473434,signal
trend,SOL-USD,1616457600,1617753600,-0.029681260594045744,signal
trend,ETH-USD,1617840000,1619049600,-0.10357330026838485,signal
trend,SOL-USD,1619827200,1620086400,-0.18834267179999975,stop
trend,BTC-USD,1618012800,1621987200,0.2102806761929088,signal
trend,BTC-USD,1622073600,1622332800,-0.06960019090393443,signal
trend,ETH-USD,1619740800,1622505600,-0.02280538617182215,signal
trend,ETH-USD,1622592000,1622851200,-0.03729710343920278,signal
trend,ETH-USD,1622937600,1623024000,-0.02044939728183881,signal
trend,BTC-USD,1623110400,1623196800,-0.05150533721737971,signal
trend,AERO-USD,1614384000,1623974400,1.5468497856966659,signal
trend,BTC-USD,1624060800,1624320000,-0.04480530303849917,signal
trend,BTC-USD,1624406400,1624924800,-0.07260839500475813,signal
trend,ZRO-USD,1611532800,1625616000,2.1879183882205475,signal
trend,ETH-USD,1623196800,1625702400,-0.04769126779984556,signal
trend,SOL-USD,1626652800,1626739200,-0.051690640217533446,signal
trend,ETH-USD,1625875200,1626912000,-0.017679846863798088,signal
trend,ETH-USD,1626998400,1627171200,-0.07459548597354648,signal
trend,ETH-USD,1627344000,1627430400,-0.08205275651278576,signal
trend,SOL-USD,1627084800,1628380800,-0.05810553418325415,signal
trend,BTC-USD,1626048000,1628640000,-0.11832423112481338,signal
trend,BTC-USD,1628726400,1628899200,-0.04334041107667119,signal
trend,ETH-USD,1627516800,1629417600,-0.05723923241544382,signal
trend,BTC-USD,1629590400,1630281600,-0.09340546071327105,signal
trend,ETH-USD,1629676800,1630368000,-0.014349188458753548,signal
trend,ETH-USD,1630454400,1630540800,-0.08028419116899255,signal
trend,ZRO-USD,1630627200,1631750400,-0.1610193054701955,signal
trend,UNI-USD,1625097600,1632182400,0.29831689800387395,signal
trend,ETH-USD,1632009600,1632268800,-0.017152274053137018,signal
trend,ETH-USD,1632355200,1632441600,-0.06497468925611338,signal
trend,BTC-USD,1633478400,1633564800,-0.08400171702452919,signal
trend,AERO-USD,1628726400,1634515200,0.28506658144009855,signal
trend,AERO-USD,1634601600,1636070400,0.009476856630146191,signal
trend,ETH-USD,1633824000,1636329600,-0.0013557978402450876,signal
trend,AERO-USD,1636329600,1636416000,-0.05354555224380819,signal
trend,ETH-USD,1636934400,1637020800,-0.027982814884905394,signal
trend,BTC-USD,1634947200,1640304000,0.2659628660511293,signal
trend,ETH-USD,1640563200,1641168000,-0.07421923777095141,signal
trend,ETH-USD,1641340800,1641427200,-0.025577008871403684,signal
trend,BTC-USD,1640822400,1641600000,-0.005039260815556501,signal
trend,SOL-USD,1635033600,1641686400,0.2841728947553426,signal
trend,BTC-USD,1641686400,1641772800,-0.07985629701822639,signal
trend,UNI-USD,1632268800,1642118400,0.7822171895759276,signal
trend,SOL-USD,1642032000,1642291200,-0.06133620140630203,signal
trend,ZRO-USD,1636675200,1642809600,0.3223852451375584,signal
trend,ETH-USD,1642464000,1642809600,-0.03721033163540066,signal
trend,ZRO-USD,1642896000,1643068800,-0.07713820592239928,signal
trend,AERO-USD,1642377600,1643328000,-0.08479306526270469,signal
trend,AERO-USD,1644019200,1644192000,-0.08786601712147613,signal
trend,SOL-USD,1642809600,1645488000,0.0044748339059692555,signal
trend,ZRO-USD,1644624000,1646006400,-0.06727058107125317,signal
trend,SOL-USD,1646092800,1646438400,-0.02825068950189713,signal
trend,ZRO-USD,1646092800,1647216000,-0.09887191732912992,signal
trend,SOL-USD,1646870400,1647302400,-0.02136948810273387,signal
trend,AERO-USD,1644624000,1647388800,0.07959237100344896,signal
trend,SOL-USD,1647388800,1647734400,-0.08079840981623576,signal
trend,BTC-USD,1646956800,1648166400,-0.08807854774121138,signal
trend,ETH-USD,1642982400,1648339200,0.07080156881498545,signal
trend,ZRO-USD,1647475200,1648425600,-0.038936160542499376,signal
trend,ZRO-USD,1648598400,1648771200,-0.043774808303434276,signal
trend,UNI-USD,1646265600,1649376000,-0.01136370524724728,signal
trend,UNI-USD,1649462400,1649548800,-0.014171322122134566,signal
trend,SOL-USD,1649721600,1650499200,-0.10052823167822045,signal
trend,SOL-USD,1650672000,1650758400,-0.06106910914404051,signal
trend,ZRO-USD,1648857600,1650931200,0.04102366733608909,signal
trend,SOL-USD,1650844800,1650931200,-0.042021940556018156,signal
trend,ZRO-USD,1651017600,1651795200,-0.04251540230879902,signal
trend,ETH-USD,1651536000,1653004800,-0.15619455107409763,signal
trend,ETH-USD,1653091200,1653177600,-0.04229818309857036,signal
trend,ETH-USD,1653696000,1653868800,-0.03843642696207239,signal
trend,UNI-USD,1655337600,1656288000,-0.18899519499999973,stop
trend,AERO-USD,1652227200,1657065600,0.0700196157012356,signal
trend,AERO-USD,1657670400,1658448000,-0.05061381715523183,signal
trend,ETH-USD,1659312000,1659830400,-0.09148122495422029,signal
trend,ETH-USD,1659916800,1660003200,-0.05992833468184766,signal
trend,ZRO-USD,1658620800,1660867200,0.0008360160125049365,signal
trend,ETH-USD,1660953600,1661040000,-0.0228868666766463,signal
trend,ETH-USD,1661126400,1661299200,-0.07098991206502814,signal
trend,SOL-USD,1657670400,1663545600,0.42383278764097687,signal
trend,ETH-USD,1661385600,1663718400,0.04410811810007664,signal
trend,ETH-USD,1663804800,1663977600,-0.04297828766787781,signal
trend,ETH-USD,1664150400,1664236800,-0.04516375226851743,signal
trend,BTC-USD,1658707200,1664323200,0.055081649196779825,signal
trend,ETH-USD,1664323200,1665014400,-0.06290193394811983,signal
trend,AERO-USD,1658534400,1666051200,0.5488555108218476,signal
trend,UNI-USD,1665964800,1666224000,-0.1004898067358092,signal
trend,ZRO-USD,1666656000,1667433600,-0.030246698662439897,signal
trend,ZRO-USD,1667520000,1667606400,-0.10052612981872999,signal
trend,UNI-USD,1667692800,1669593600,-0.05573122651448259,signal
trend,SOL-USD,1663632000,1670976000,0.8323555928209458,signal
trend,SOL-USD,1671062400,1671408000,-0.1053174539849897,signal
trend,ZRO-USD,1668038400,1671580800,0.048409757399223485,signal
trend,AERO-USD,1671062400,1671667200,-0.08293723038600898,signal
trend,SOL-USD,1671753600,1672358400,-0.030276600442443624,signal
trend,BTC-USD,1669420800,1673136000,-0.07710264664442146,signal
trend,UNI-USD,1671148800,1674432000,0.0746304243016438,signal
trend,AERO-USD,1674086400,1678579200,0.3484419581701803,signal
trend,UNI-USD,1675296000,1678665600,0.14776666189366194,signal
trend,BTC-USD,1679097600,1679270400,-0.0627285115787346,signal
trend,ZRO-USD,1671840000,1679529600,0.44854935355137404,signal
trend,ZRO-USD,1679616000,1679702400,-0.03446651540462098,signal
trend,ZRO-USD,1679788800,1679875200,-0.02663664145890321,signal
trend,SOL-USD,1680825600,1681430400,-0.18834267179999986,stop
trend,SOL-USD,1681862400,1682467200,-0.04918477910831354,signal
trend,UNI-USD,1681516800,1683244800,-0.18899519499999973,stop
trend,BTC-USD,1679529600,1683504000,0.1154280767925524,signal
trend,UNI-USD,1683849600,1684281600,-0.01358391686644822,signal
trend,UNI-USD,1684627200,1684886400,-0.030617403423326195,signal
trend,AERO-USD,1681948800,1685836800,0.44193585047754436,signal
trend,ZRO-USD,1682985600,1687219200,0.06070543088758673,signal
trend,AERO-USD,1687564800,1687651200,-0.08227112669840175,signal
trend,AERO-USD,1687824000,1688169600,-0.09250434028099663,signal
trend,ETH-USD,1671926400,1688342400,0.27095046374376874,signal
trend,ZRO-USD,1688342400,1688515200,-0.06656008638699529,signal
trend,ZRO-USD,1688688000,1688860800,-0.015102045971645883,signal
trend,SOL-USD,1688688000,1689292800,-0.14119355500521769,signal
trend,ETH-USD,1689292800,1689379200,-0.05868710519133291,signal
trend,SOL-USD,1689465600,1689552000,-0.13478141935042642,signal
trend,ZRO-USD,1689292800,1690070400,-0.04477654326695102,signal
trend,UNI-USD,1690156800,1690761600,-0.061518331332494514,signal
trend,BTC-USD,1688342400,1691712000,0.048748264622580306,signal
trend,ZRO-USD,1692576000,1692662400,-0.05506294991858929,signal
trend,ZRO-USD,1693008000,1693094400,-0.06764798708323583,signal
trend,ZRO-USD,1693180800,1693267200,-0.001305257758773326,signal
trend,ZRO-USD,1693440000,1693612800,-0.11159376219395789,signal
trend,SOL-USD,1691798400,1693699200,0.014675913308858535,signal
trend,ETH-USD,1693094400,1693785600,-0.025452623434747523,signal
trend,SOL-USD,1693958400,1694304000,-0.017795795862082575,signal
trend,ETH-USD,1695168000,1695254400,-0.04868687058976062,signal
trend,SOL-USD,1694476800,1695340800,-0.03935265870748683,signal
trend,ETH-USD,1695686400,1696291200,-0.02116829500458728,signal
trend,ZRO-USD,1696204800,1696291200,-0.047623308721686075,signal
trend,SOL-USD,1695427200,1696377600,-0.021605690604749928,signal
trend,SOL-USD,1696464000,1696550400,-0.03881144885482335,signal
trend,SOL-USD,1696896000,1696982400,-0.008953250504299737,signal
trend,ZRO-USD,1696636800,1697155200,-0.1271067464118566,signal
trend,ETH-USD,1696377600,1697241600,-0.04227453304528794,signal
trend,BTC-USD,1698796800,1698883200,-0.09682494844812461,signal
trend,ZRO-USD,1698278400,1699833600,-0.014082251643328103,signal
trend,UNI-USD,1691020800,1700179200,0.6319923487611996,signal
trend,AERO-USD,1702512000,1703462400,-0.14568259939076666,signal
trend,AERO-USD,1703548800,1703894400,-0.08926298158414281,signal
trend,ETH-USD,1701993600,1703980800,-0.0645860426133309,signal
trend,AERO-USD,1704153600,1704240000,-0.022037819692870664,signal
trend,ETH-USD,1704412800,1704499200,-0.03410331077891238,signal
trend,AERO-USD,1704412800,1704585600,-0.01908779849595421,signal
trend,ETH-USD,1704585600,1704672000,-0.07335411637576084,signal
trend,AERO-USD,1704672000,1705276800,-0.08715513900059735,signal
trend,ETH-USD,1705104000,1705363200,-0.06203150016234793,signal
trend,ZRO-USD,1702080000,1705795200,0.18393009555605033,signal
trend,UNI-USD,1705190400,1705795200,-0.11822448272317188,signal
trend,UNI-USD,1706054400,1706140800,-0.05931575173735293,signal
trend,ZRO-USD,1706140800,1706227200,-0.051386752104769284,signal
trend,ZRO-USD,1706486400,1707350400,-0.05322788235848552,signal
trend,UNI-USD,1707177600,1707523200,-0.05048701796860411,signal
trend,ZRO-USD,1707782400,1707955200,0.005745929059506105,signal
trend,SOL-USD,1707177600,1708473600,-0.15232154215179772,signal
trend,AERO-USD,1705449600,1709424000,0.5009659877389889,signal
trend,SOL-USD,1708992000,1709856000,-0.05275371117443428,signal
trend,AERO-USD,1709769600,1709856000,-0.022874172791234937,signal
trend,SOL-USD,1709942400,1710374400,-0.03941578148357483,signal
trend,SOL-USD,1710460800,1710633600,-0.04342730977562914,signal
trend,SOL-USD,1711324800,1711497600,-0.01111686087429642,signal
trend,ZRO-USD,1708473600,1712361600,0.16773974045737106,signal
trend,ZRO-USD,1712448000,1712534400,-0.068418584544778,signal
trend,BTC-USD,1708387200,1712707200,-0.025277066239907553,signal
trend,ZRO-USD,1712880000,1712966400,-0.08234961226878856,signal
trend,ZRO-USD,1713052800,1713139200,-0.08947991218645934,signal
trend,SOL-USD,1711756800,1714953600,0.11691046777512826,signal
trend,ETH-USD,1712620800,1715040000,-0.11193061131640158,signal
trend,BTC-USD,1712880000,1717113600,0.21709329466927452,signal
trend,BTC-USD,1717200000,1717372800,-0.023141396658235003,signal
trend,AERO-USD,1714348800,1717545600,-0.027574458878364738,signal
trend,BTC-USD,1717545600,1717804800,-0.04669727189056638,signal
trend,AERO-USD,1717718400,1717804800,-0.03272800065744008,signal
trend,UNI-USD,1712102400,1717977600,0.30261702960966064,signal
trend,AERO-USD,1717891200,1718236800,-0.041359710704798824,signal
trend,SOL-USD,1716076800,1718928000,0.14412982303088695,signal
trend,UNI-USD,1718064000,1719187200,0.020917782874021906,signal
trend,UNI-USD,1719273600,1720224000,0.0030798143604109374,signal
trend,SOL-USD,1720224000,1720310400,-0.07679848563226865,signal
trend,UNI-USD,1720310400,1720483200,-0.09342511071995518,signal
trend,UNI-USD,1720656000,1720742400,-0.009523497146308846,signal
trend,AERO-USD,1718323200,1722124800,0.2908522040694128,signal
trend,AERO-USD,1722211200,1722556800,-0.06157718419679503,signal
trend,ETH-USD,1719273600,1722902400,-0.037321523620390096,signal
trend,UNI-USD,1721692800,1723334400,-0.035831146758657284,signal
trend,ETH-USD,1723420800,1723680000,-0.07769660877019446,signal
trend,UNI-USD,1724025600,1724371200,-0.15922049073556932,signal
trend,AERO-USD,1722988800,1725062400,0.03140811035752766,signal
trend,UNI-USD,1725062400,1725926400,0.004702009685949804,signal
trend,AERO-USD,1725235200,1726272000,-0.051167037710499796,signal
trend,UNI-USD,1726185600,1726531200,-0.034900940188681395,signal
trend,BTC-USD,1726444800,1726876800,0.02750848562831676,signal
trend,ZRO-USD,1721606400,1727222400,0.586467491229616,signal
trend,AERO-USD,1727136000,1727308800,-0.07339431283071451,signal
trend,BTC-USD,1727049600,1727481600,-0.12450453528245342,signal
trend,ZRO-USD,1727481600,1728086400,-0.10330673281709057,signal
trend,ZRO-USD,1728345600,1728518400,-0.022975079118868313,signal
trend,BTC-USD,1729036800,1729209600,-0.06940033131197265,signal
trend,ZRO-USD,1728864000,1729382400,0.0014216118739427408,signal
trend,BTC-USD,1729296000,1729382400,-0.027060764614747157,signal
trend,ZRO-USD,1730160000,1730332800,-0.06539952004308114,signal
trend,SOL-USD,1724025600,1730764800,0.3502808009635039,signal
trend,ZRO-USD,1730592000,1730764800,-0.03760244243357713,signal
trend,AERO-USD,1727481600,1730937600,0.18005385793485673,signal
trend,ZRO-USD,1730937600,1731024000,-0.01893761371776914,signal
trend,ZRO-USD,1731110400,1731369600,-0.07043948621957208,signal
trend,BTC-USD,1729555200,1733875200,0.3733827956618705,signal
trend,BTC-USD,1733961600,1735430400,0.04414844994250133,signal
trend,ZRO-USD,1735516800,1736812800,-0.16901871450624417,signal
trend,ZRO-USD,1737676800,1737763200,-0.0230490952921788,signal
trend,UNI-USD,1736985600,1738195200,-0.18899519499999984,stop
trend,ZRO-USD,1738022400,1738540800,-0.047602368417313135,signal
trend,ZRO-USD,1738713600,1738800000,-0.0894092566982283,signal
trend,AERO-USD,1739923200,1740700800,-0.147260565617073,signal
trend,AERO-USD,1740873600,1741046400,-0.09821442059391339,signal
trend,AERO-USD,1741132800,1741651200,-0.026645916441121797,signal
trend,ZRO-USD,1741824000,1742083200,-0.12837081201184952,signal
trend,AERO-USD,1741996800,1742342400,-0.07407889749277252,signal
trend,SOL-USD,1742428800,1742688000,-0.08518033453469587,signal
trend,AERO-USD,1742428800,1742688000,-0.0630193255732373,signal
trend,ETH-USD,1739491200,1742774400,-0.03597880317760893,signal
trend,AERO-USD,1743033600,1743120000,-0.06714322290161101,signal
trend,SOL-USD,1742947200,1743292800,-0.06398259960368957,signal
trend,ETH-USD,1743638400,1743724800,-0.04525807145875249,signal
trend,UNI-USD,1743897600,1743984000,-0.05456132968485783,signal
trend,UNI-USD,1744416000,1744675200,-0.03252180785682679,signal
trend,ZRO-USD,1744848000,1744934400,-0.07702979433815071,signal
trend,BTC-USD,1741824000,1746921600,0.10215354641880547,signal
trend,SOL-USD,1743984000,1748131200,0.1419551430839563,signal
trend,SOL-USD,1748217600,1748304000,-0.024721090019681147,signal
trend,BTC-USD,1748304000,1748563200,-0.1033639744426944,signal
trend,ZRO-USD,1748476800,1749081600,-0.1515923508540139,signal
trend,SOL-USD,1748390400,1749340800,-0.09027892872307586,signal
trend,ZRO-USD,1749168000,1749427200,-0.07265164011032732,signal
trend,AERO-USD,1748217600,1749513600,-0.1062948508786642,signal
trend,ZRO-USD,1749513600,1749772800,-0.054744104215264544,signal
trend,ETH-USD,1747440000,1750464000,-0.10991342580635366,signal
trend,AERO-USD,1750377600,1750464000,-0.12373402556351432,signal
trend,ZRO-USD,1751155200,1751241600,-0.054917536319445626,signal
trend,UNI-USD,1746921600,1751760000,0.2210668110744538,signal
trend,ETH-USD,1754524800,1754956800,-0.11977016611849534,signal
trend,ETH-USD,1755561600,1755734400,-0.05316112551018959,signal
trend,ETH-USD,1755820800,1759104000,0.34337440841929245,signal
trend,ZRO-USD,1759190400,1759276800,-0.041996633555345664,signal
trend,ZRO-USD,1759363200,1759449600,-0.02276763311151009,signal
trend,AERO-USD,1753574400,1760054400,0.49274183109977643,signal
trend,UNI-USD,1756252800,1760486400,0.3360915519381311,signal
trend,ETH-USD,1759449600,1760572800,-0.020455344527378072,signal
trend,ZRO-USD,1759536000,1760572800,-0.09109481037328471,signal
trend,SOL-USD,1758844800,1760832000,-0.07015123450842253,signal
trend,UNI-USD,1760745600,1763856000,0.08949207988446517,signal
trend,AERO-USD,1764979200,1765065600,-0.04129878085730154,signal
trend,ZRO-USD,1765497600,1766707200,-0.0862454481644005,signal
trend,SOL-USD,1766102400,1767571200,-0.01351061624209604,signal
trend,ZRO-USD,1766880000,1767657600,0.022375897503202236,signal
trend,SOL-USD,1767744000,1767916800,-0.0791683930747854,signal
trend,ZRO-USD,1767830400,1768089600,-0.04783969825120493,signal
trend,ZRO-USD,1768521600,1768694400,-0.07239761735697892,signal
trend,AERO-USD,1765238400,1769126400,0.34310650436445433,signal
trend,AERO-USD,1769212800,1769299200,-0.027839175185353393,signal
trend,ZRO-USD,1769904000,1769990400,-0.03962904430225567,signal
trend,SOL-USD,1770249600,1770336000,-0.04254350865174472,signal
trend,SOL-USD,1770508800,1770595200,-0.10572473409881789,signal
trend,ZRO-USD,1771027200,1771286400,-0.06986983240253031,signal
trend,ETH-USD,1766188800,1771545600,-0.02821328088093933,signal
trend,ETH-USD,1771632000,1771718400,-0.09467248113936078,signal
trend,ZRO-USD,1771632000,1771891200,0.08114377117645599,signal
trend,ZRO-USD,1772323200,1772928000,-0.11128727181958442,signal
trend,AERO-USD,1769472000,1773273600,0.20793443654563148,signal
trend,ETH-USD,1773014400,1773964800,-0.036966384527197804,signal
trend,BTC-USD,1767312000,1774137600,-0.027730881818508468,signal
trend,UNI-USD,1773792000,1774224000,-0.18899519499999984,stop
trend,ZRO-USD,1773532800,1774396800,-0.10313598467896556,signal
trend,ZRO-USD,1774483200,1774569600,-0.057667360741512574,signal
trend,UNI-USD,1775001600,1775088000,-0.06801130927992094,signal
trend,SOL-USD,1772668800,1777507200,0.3191163349213759,signal
trend,SOL-USD,1777593600,1778457600,-0.04821415847984656,signal
trend,SOL-USD,1778544000,1778889600,-0.016950851186573024,signal
trend,ZRO-USD,1779408000,1780531200,-0.052190080489374124,signal
trend,ZRO-USD,1780617600,1780704000,-0.07774464865706132,signal
trend,BTC-USD,1779321600,1781222400,-0.03141799309319915,signal
trend,BTC-USD,1783382400,1783468800,-0.07501208138269533,signal
trend,ZRO-USD,1781136000,1784332800,0.01697066031275929,signal
trend,AERO-USD,1781654400,1785456000,0.21703885878602192,signal
trend,AERO-USD,1785801600,1785888000,-0.010146867796021808,signal
trend,AERO-USD,1786320000,1786492800,-0.061099367517200576,signal
trend,UNI-USD,1781481600,1786579200,0.3507378855771601,signal
trend,UNI-USD,1786924800,1787270400,-0.03332244221446934,signal
trend,ZRO-USD,1784505600,1788134400,0.19065724142660723,signal
trend,UNI-USD,1788307200,1788393600,-0.04417746995272942,signal
trend,UNI-USD,1788652800,1788998400,-0.08879151510089833,signal
trend,SOL-USD,1789084800,1789603200,-0.18834267179999986,stop
trend,AERO-USD,1786838400,1789776000,0.06519779753623678,signal
trend,SOL-USD,1789603200,1789862400,-0.06809283189211979,signal
trend,SOL-USD,1789948800,1790208000,-0.059130209101189046,signal
trend,ZRO-USD,1788220800,1790467200,0.05037757358067951,signal
trend,AERO-USD,1790812800,1791072000,-0.04815049229667656,signal
breakout,ZRO-USD,1569628800,1569801600,-0.07899104226769316,signal
breakout,BTC-USD,1571011200,1574812800,0.2168878822588396,signal
breakout,AERO-USD,1577404800,1580601600,0.1322661792355342,signal
breakout,SOL-USD,1578873600,1580774400,-0.12764675959915117,signal
breakout,ETH-USD,1594425600,1595030400,-0.13305516522485683,signal
breakout,SOL-USD,1598227200,1599523200,-0.0631940198418488,signal
breakout,ETH-USD,1602720000,1603843200,-0.024885027191972386,signal
breakout,UNI-USD,1603324800,1604361600,-0.11285066065720928,signal
breakout,UNI-USD,1605484800,1609891200,0.5056682923279199,signal
breakout,AERO-USD,1609286400,1611619200,0.28142891566007866,signal
breakout,SOL-USD,1613520000,1614729600,-0.0760595092669133,signal
breakout,ETH-USD,1617840000,1619049600,-0.10357330026838485,signal
breakout,ZRO-USD,1612310400,1620086400,0.8984589472371856,signal
breakout,AERO-USD,1616889600,1620345600,0.3516464572905438,signal
breakout,ETH-USD,1621036800,1622332800,-0.0059021710878665035,signal
breakout,BTC-USD,1624147200,1627948800,0.19057742769222963,signal
breakout,UNI-USD,1628640000,1630800000,-0.0017776332802824646,signal
breakout,AERO-USD,1628121600,1631318400,0.2048171559993499,signal
breakout,UNI-USD,1632960000,1634947200,-0.10831908627030584,signal
breakout,ETH-USD,1634428800,1635552000,-0.05725965877912664,signal
breakout,AERO-USD,1635033600,1635984000,-0.1025208860660245,signal
breakout,UNI-USD,1638662400,1640044800,-0.047772440529726956,signal
breakout,SOL-USD,1638921600,1640476800,0.03239439653747889,signal
breakout,AERO-USD,1642636800,1643328000,-0.13222893336657182,signal
breakout,SOL-USD,1643155200,1644364800,-0.1314958786402194,signal
breakout,ETH-USD,1643500800,1646006400,0.10310887071189856,signal
breakout,UNI-USD,1646092800,1648684800,0.06091940556445685,signal
breakout,AERO-USD,1652832000,1653177600,-0.1400962354951789,signal
breakout,AERO-USD,1656460800,1657065600,-0.13956598246470975,signal
breakout,AERO-USD,1658880000,1662854400,0.1900730047051331,signal
breakout,ETH-USD,1661644800,1663200000,0.09601944180106847,signal
breakout,ZRO-USD,1664409600,1665360000,-0.0544920900868926,signal
breakout,UNI-USD,1667779200,1669075200,-0.023186236525778225,signal
breakout,SOL-USD,1666483200,1670889600,0.2757274369123124,signal
breakout,UNI-USD,1671321600,1672444800,0.0036021636256458045,signal
breakout,BTC-USD,1668988800,1672790400,0.28246790901975705,signal
breakout,ZRO-USD,1672617600,1674259200,-0.046514623166602154,signal
breakout,AERO-USD,1674432000,1677283200,0.23311761408097098,signal
breakout,ZRO-USD,1678147200,1678752000,-0.11579275926204169,signal
breakout,SOL-USD,1680048000,1680998400,-0.06933687729300286,signal
breakout,ETH-USD,1674864000,1683072000,1.5701827954636438,signal
breakout,ZRO-USD,1682899200,1683849600,-0.06971260885986441,signal
breakout,AERO-USD,1682121600,1685318400,0.5005650349899489,signal
breakout,ETH-USD,1687132800,1688342400,-0.14327005017277927,signal
breakout,ZRO-USD,1690502400,1691366400,-0.1606727184322565,signal
breakout,ZRO-USD,1695686400,1696377600,-0.08316578287524012,signal
breakout,ETH-USD,1695772800,1697328000,-0.10641756781667677,signal
breakout,UNI-USD,1697500800,1700092800,0.03536099751068056,signal
breakout,AERO-USD,1700524800,1703116800,0.03864247371399143,signal
breakout,ZRO-USD,1709942400,1711065600,-0.026133847931059107,signal
breakout,SOL-USD,1711584000,1714608000,0.3354365503302079,signal
breakout,UNI-USD,1715817600,1716940800,-0.09044390040706274,signal
breakout,SOL-USD,1716854400,1718841600,-0.07800915569017908,signal
breakout,ETH-USD,1719014400,1722902400,0.03995329421068328,signal
breakout,AERO-USD,1723939200,1724976000,-0.10842361282077273,signal
breakout,ZRO-USD,1721347200,1725580800,0.8535908623375006,signal
breakout,BTC-USD,1725321600,1727568000,-0.13444290878678955,signal
breakout,SOL-USD,1728172800,1729987200,-0.08607358051832159,signal
breakout,BTC-USD,1729814400,1733443200,0.4436116623236026,signal
breakout,ZRO-USD,1735257600,1736726400,-0.10538537952003557,signal
breakout,ZRO-USD,1741564800,1742428800,-0.18899519499999995,stop
breakout,BTC-USD,1743897600,1745712000,0.16053894461229867,signal
breakout,SOL-USD,1744416000,1747958400,0.023843930373683042,signal
breakout,ZRO-USD,1748476800,1749081600,-0.151592350854014,signal
breakout,ETH-USD,1746921600,1750204800,0.13800168444802052,signal
breakout,UNI-USD,1747440000,1751155200,0.2833370276671827,signal
breakout,AERO-USD,1755993600,1756857600,-0.09176205264340531,signal
breakout,ETH-USD,1756771200,1758412800,0.026568026280598955,signal
breakout,AERO-USD,1757548800,1758844800,-0.1689940145487726,signal
breakout,ZRO-USD,1759622400,1760572800,-0.16142749259448075,signal
breakout,ETH-USD,1766275200,1771545600,0.2421889718855894,signal
breakout,AERO-USD,1771113600,1772755200,-0.06779991091485937,signal
breakout,BTC-USD,1777248000,1781222400,-0.0021687547714812627,signal
breakout,UNI-USD,1781049600,1783468800,0.36497614005418955,signal
breakout,ETH-USD,1784764800,1785456000,-0.11894326304400149,signal
breakout,SOL-USD,1789084800,1789603200,-0.18834267179999997,stop
breakout,ZRO-USD,1788825600,1790208000,-0.08533579825424942,signal
dip,SOL-USD,1569628800,1569974400,0.11818654102853521,signal
dip,BTC-USD,1569974400,1570233600,0.07728281702780992,signal
dip,ZRO-USD,1569628800,1570320000,0.01062235221076313,signal
dip,ZRO-USD,1570579200,1570665600,0.03483353738887396,signal
dip,AERO-USD,1570665600,1571443200,-0.04570541720368082,signal
dip,SOL-USD,1571097600,1571529600,0.06883327292532071,signal
dip,SOL-USD,1571788800,1572048000,0.00553483019321499,signal
dip,BTC-USD,1572307200,1572480000,0.06512845213096075,signal
dip,SOL-USD,1573084800,1573689600,-0.016650913697449976,signal
dip,ETH-USD,1573862400,1574467200,0.0021492220103211945,signal
dip,SOL-USD,1574467200,1575331200,-0.04634406180005024,signal
dip,BTC-USD,1574726400,1575590400,-0.05653543135479133,signal
dip,ETH-USD,1575417600,1576108800,0.024528767001018803,signal
dip,UNI-USD,1576886400,1577318400,0.08035270342519052,signal
dip,BTC-USD,1577232000,1577750400,0.034900213481998676,signal
dip,ZRO-USD,1577318400,1577750400,0.043004361699843674,signal
dip,UNI-USD,1577664000,1578528000,-0.049456675207971035,signal
dip,ZRO-USD,1578700800,1579305600,-0.028454402701429404,signal
dip,SOL-USD,1579219200,1579651200,0.04316704478257205,signal
dip,UNI-USD,1579046400,1579737600,-0.0017792645345509062,signal
dip,BTC-USD,1580601600,1580860800,0.029910771842097894,signal
dip,SOL-USD,1580428800,1581292800,-0.15271612080662977,signal
dip,AERO-USD,1581033600,1581465600,0.03675175211262771,signal
dip,AERO-USD,1582070400,1582156800,0.01887393417341432,signal
dip,AERO-USD,1582934400,1583539200,-0.007980419695163055,signal
dip,UNI-USD,1583193600,1584057600,-0.10040601324035592,signal
dip,ETH-USD,1585440000,1585872000,0.07193624080421523,signal
dip,SOL-USD,1585872000,1586390400,0.06114725194809201,signal
dip,ETH-USD,1586217600,1586736000,0.019536533817354318,signal
dip,UNI-USD,1587081600,1587686400,0.0661734150775457,signal
dip,SOL-USD,1587254400,1587772800,0.01563746698598223,signal
dip,ETH-USD,1586995200,1587859200,-0.009363857814466026,signal
dip,UNI-USD,1588377600,1589155200,0.04752667304290559,signal
dip,ZRO-USD,1588464000,1589328000,-0.10491612104278647,signal
dip,BTC-USD,1589328000,1590192000,-0.11454561652974082,signal
dip,UNI-USD,1590364800,1590796800,-0.18899519499999984,stop
dip,UNI-USD,1590796800,1591228800,0.03185530658217939,signal
dip,ETH-USD,1592697600,1593388800,0.0027501320761178505,signal
dip,ETH-USD,1594771200,1595635200,-0.1018214276060575,signal
dip,UNI-USD,1595462400,1595980800,-0.00045583193174614234,signal
dip,SOL-USD,1596412800,1596672000,0.09561006375503167,signal
dip,AERO-USD,1596326400,1597190400,-0.16961194366372623,signal
dip,SOL-USD,1597104000,1597536000,0.026432958252374794,signal
dip,UNI-USD,1597536000,1597708800,0.08105663087121795,signal
dip,ZRO-USD,1598054400,1598227200,0.08234311032247676,signal
dip,AERO-USD,1598745600,1599609600,-0.15848419973708183,signal
dip,SOL-USD,1599350400,1599696000,-0.18834267180000008,stop
dip,ZRO-USD,1599350400,1599696000,0.03894683495823825,signal
dip,UNI-USD,1599177600,1599782400,0.09940200019815482,signal
dip,SOL-USD,1599696000,1600214400,-0.13813936203029242,signal
dip,ETH-USD,1599955200,1600214400,0.12817905353446868,signal
dip,UNI-USD,1600387200,1600819200,0.0035050118650927775,signal
dip,ETH-USD,1600905600,1601164800,0.05710107931229924,signal
dip,UNI-USD,1600905600,1601510400,-0.020246212290610188,signal
dip,ZRO-USD,1601942400,1602806400,-0.18899519499999973,stop
dip,ETH-USD,1603843200,1604707200,-0.08049822863156575,signal
dip,UNI-USD,1605916800,1606262400,0.027625226577673967,signal
dip,SOL-USD,1607472000,1608163200,-0.02776826283161371,signal
dip,SOL-USD,1608422400,1608854400,0.06567877191781513,signal
dip,ETH-USD,1608768000,1609286400,0.07686394668447094,signal
dip,ETH-USD,1609459200,1609977600,0.020157608183777986,signal
dip,UNI-USD,1610064000,1610409600,0.028074182936588032,signal
dip,BTC-USD,1611100800,1611446400,0.038256101613434845,signal
dip,ETH-USD,1611100800,1611532800,0.07696783636590077,signal
dip,UNI-USD,1611187200,1612051200,-0.1440454708389437,signal
dip,BTC-USD,1611792000,1612310400,0.018341163397202376,signal
dip,AERO-USD,1611619200,1612396800,0.022065545285708144,signal
dip,ETH-USD,1612051200,1612915200,0.04139935892631752,signal
dip,SOL-USD,1612396800,1613001600,0.07753588528005295,signal
dip,AERO-USD,1613088000,1613174400,0.10224753328311387,signal
dip,BTC-USD,1612656000,1613520000,-0.18768988619999993,stop
dip,AERO-USD,1613433600,1613865600,0.012333082547599128,signal
dip,SOL-USD,1613952000,1614038400,-0.008497963137312103,signal
dip,AERO-USD,1614124800,1614211200,0.010688101441499898,signal
dip,AERO-USD,1614297600,1614384000,0.03730986706607853,signal
dip,SOL-USD,1614124800,1614470400,0.02444593593516653,signal
dip,SOL-USD,1614729600,1615334400,0.032686281370859716,signal
dip,ETH-USD,1614729600,1615593600,-0.16408458051287067,signal
dip,SOL-USD,1615593600,1615766400,0.08296549513392248,signal
dip,ZRO-USD,1615680000,1616284800,0.07839944455969006,signal
dip,SOL-USD,1616889600,1616976000,0.016970027113071717,signal
dip,AERO-USD,1617926400,1618012800,0.06586224036715649,signal
dip,AERO-USD,1618358400,1618617600,0.105383589103752,signal
dip,SOL-USD,1617840000,1618704000,-0.1381268050226565,signal
dip,BTC-USD,1619136000,1619395200,0.08288582168060121,signal
dip,ZRO-USD,1619308800,1620172800,-0.05180454818747615,signal
dip,SOL-USD,1620000000,1620345600,-0.18834267179999986,stop
dip,SOL-USD,1620345600,1620777600,0.11674047771982443,signal
dip,BTC-USD,1620864000,1620950400,0.06990974918733839,signal
dip,AERO-USD,1620777600,1621123200,0.013187499144133197,signal
dip,BTC-USD,1621555200,1622419200,-0.15162707782695428,signal
dip,ZRO-USD,1622160000,1622678400,0.025601124111904294,signal
dip,ETH-USD,1622505600,1623196800,0.046033365776448454,signal
dip,BTC-USD,1623283200,1623715200,0.00029879126402776457,signal
dip,AERO-USD,1623628800,1624233600,-0.18899519499999973,stop
dip,BTC-USD,1624320000,1624406400,0.0775587601161849,signal
dip,AERO-USD,1624233600,1624492800,-0.0015171618130335185,signal
dip,ZRO-USD,1624233600,1624665600,0.03006282557119011,signal
dip,ETH-USD,1624665600,1625443200,-0.06773161977860542,signal
dip,ETH-USD,1625702400,1625875200,0.06745274294641113,signal
dip,UNI-USD,1625788800,1625961600,0.09985921747759252,signal
dip,ZRO-USD,1625788800,1626307200,-0.18899519499999973,stop
dip,ZRO-USD,1626307200,1626652800,0.004469174814619947,signal
dip,SOL-USD,1626566400,1627084800,0.05897005857234405,signal
dip,UNI-USD,1627516800,1628294400,0.03493075714264937,signal
dip,SOL-USD,1628208000,1628726400,-0.18834267179999997,stop
dip,BTC-USD,1627862400,1628726400,-0.06029395315389818,signal
dip,SOL-USD,1628726400,1629072000,-0.015224182381789908,signal
dip,BTC-USD,1628985600,1629417600,0.07237859032711258,signal
dip,ETH-USD,1629331200,1629936000,-0.045348363698942684,signal
dip,BTC-USD,1630281600,1631145600,-0.03736120183439462,signal
dip,ETH-USD,1630368000,1631232000,-0.032296175379621705,signal
dip,ZRO-USD,1631059200,1631404800,0.057213035739518636,signal
dip,AERO-USD,1631318400,1631491200,0.10418796672711705,signal
dip,ZRO-USD,1631664000,1632528000,-0.07189082570246785,signal
dip,UNI-USD,1632182400,1632528000,0.12569129119579814,signal
dip,ETH-USD,1632528000,1632700800,0.04253036891383166,signal
dip,AERO-USD,1632700800,1632960000,0.05299475968223244,signal
dip,UNI-USD,1633564800,1633996800,0.10698894360437916,signal
dip,ETH-USD,1634169600,1634256000,0.049799403211246984,signal
dip,UNI-USD,1634428800,1634601600,0.0401411423746969,signal
dip,AERO-USD,1634342400,1634860800,0.034061723236902486,signal
dip,ETH-USD,1635206400,1635379200,0.05237401404774955,signal
dip,AERO-USD,1635638400,1635724800,0.010867859207519093,signal
dip,ETH-USD,1635552000,1636070400,0.02814196930030799,signal
dip,SOL-USD,1636156800,1636329600,0.06668429514037233,signal
dip,UNI-USD,1636329600,1636588800,0.10553356241406742,signal
dip,AERO-USD,1636070400,1636934400,-0.09018247861672757,signal
dip,BTC-USD,1637366400,1637452800,0.022455884565338646,signal
dip,UNI-USD,1637884800,1638230400,0.0849745258807233,signal
dip,BTC-USD,1638748800,1639094400,0.023524236573521318,signal
dip,UNI-USD,1639785600,1640390400,0.0015557427553822833,signal
dip,SOL-USD,1640476800,1640736000,0.0507346323425526,signal
dip,ZRO-USD,1640044800,1640822400,0.04361377043258763,signal
dip,BTC-USD,1640217600,1640822400,0.02746629479116902,signal
dip,SOL-USD,1640908800,1641168000,0.0557141527199887,signal
dip,UNI-USD,1641513600,1641772800,0.08331392226105927,signal
dip,ETH-USD,1641168000,1642032000,-0.04294179591522551,signal
dip,SOL-USD,1641686400,1642032000,0.09660988917071012,signal
dip,BTC-USD,1641600000,1642464000,-0.12903114483524014,signal
dip,ZRO-USD,1642204800,1642723200,0.054663666828124846,signal
dip,UNI-USD,1642118400,1642809600,-0.18899519499999984,stop
dip,UNI-USD,1642809600,1642982400,-0.012784900512505804,signal
dip,ZRO-USD,1643241600,1643846400,0.05181660108258801,signal
dip,AERO-USD,1643328000,1644019200,0.04189232915436647,signal
dip,SOL-USD,1643587200,1644278400,0.025022370629119273,signal
dip,AERO-USD,1644278400,1644451200,0.040500658950161306,signal
dip,SOL-USD,1644364800,1644537600,0.055362671935146546,signal
dip,ETH-USD,1645142400,1645401600,0.03102764918582679,signal
dip,SOL-USD,1645056000,1645833600,-0.03729191482095784,signal
dip,AERO-USD,1646352000,1646524800,0.07035037244478248,signal
dip,UNI-USD,1646524800,1646697600,0.016291695800331185,signal
dip,SOL-USD,1646438400,1646784000,0.008707823308143015,signal
dip,ZRO-USD,1646784000,1646956800,-0.0027668495134385296,signal
dip,SOL-USD,1647302400,1647388800,0.03342220403504226,signal
dip,ZRO-USD,1647129600,1647475200,0.03466503403760157,signal
dip,UNI-USD,1647302400,1647475200,0.08193589484534303,signal
dip,AERO-USD,1647043200,1647907200,-0.09441058101120736,signal
dip,BTC-USD,1647993600,1648684800,-0.18768988619999993,stop
dip,ETH-USD,1647993600,1648857600,-0.18768988620000004,stop
dip,ZRO-USD,1648166400,1648857600,-0.0012445480424596589,signal
dip,BTC-USD,1648684800,1648857600,-0.0388611761894313,signal
dip,UNI-USD,1648684800,1649203200,0.09059666964176039,signal
dip,UNI-USD,1649376000,1650067200,-0.18899519499999973,stop
dip,UNI-USD,1650067200,1650240000,-0.021335266486182225,signal
dip,SOL-USD,1650499200,1650844800,0.05608028948684418,signal
dip,ZRO-USD,1650931200,1651276800,0.08293049386030238,signal
dip,ETH-USD,1651536000,1651622400,0.007719194019395248,signal
dip,ETH-USD,1651708800,1651881600,0.06759431341591493,signal
dip,SOL-USD,1651104000,1651968000,-0.13022372127761872,signal
dip,ZRO-USD,1651795200,1652659200,-0.09008231537609612,signal
dip,ETH-USD,1652486400,1653350400,-0.14218150549741304,signal
dip,AERO-USD,1653177600,1653696000,0.06535564657543169,signal
dip,AERO-USD,1655510400,1655596800,0.06082996473646651,signal
dip,UNI-USD,1655596800,1655683200,0.051653937643955095,signal
dip,UNI-USD,1656028800,1656547200,-0.18899519499999984,stop
dip,UNI-USD,1656547200,1656892800,0.04160517287775112,signal
dip,AERO-USD,1657065600,1657670400,0.04226245809310214,signal
dip,SOL-USD,1658102400,1658188800,-0.001196407315245951,signal
dip,AERO-USD,1658361600,1658534400,0.036847449931982634,signal
dip,BTC-USD,1659312000,1659830400,-0.0011079155675252084,signal
dip,AERO-USD,1659744000,1660089600,0.07185897236842265,signal
dip,ETH-USD,1659830400,1660435200,0.0035739285041287427,signal
dip,ZRO-USD,1659744000,1660608000,-0.11230361819084811,signal
dip,AERO-USD,1660435200,1660608000,0.05484054203986655,signal
dip,SOL-USD,1661040000,1661126400,0.006730478206619317,signal
dip,ZRO-USD,1660694400,1661385600,-0.18899519499999973,stop
dip,ZRO-USD,1661385600,1661558400,-0.020895848251330618,signal
dip,SOL-USD,1662508800,1663027200,-0.00953021596348469,signal
dip,ETH-USD,1662940800,1663372800,-0.18768988619999982,stop
dip,BTC-USD,1663200000,1663632000,0.009540490706213767,signal
dip,AERO-USD,1663372800,1663632000,0.05650491659614709,signal
dip,ETH-USD,1663372800,1663804800,0.010141212464481075,signal
dip,AERO-USD,1663977600,1664064000,-0.006170808199611577,signal
dip,ETH-USD,1664064000,1664150400,0.056559096511043405,signal
dip,BTC-USD,1663977600,1664668800,-0.18768988619999993,stop
dip,BTC-USD,1664668800,1664841600,0.0021014609868010847,signal
dip,SOL-USD,1665446400,1665792000,0.079899752744226,signal
dip,ETH-USD,1665014400,1665878400,-0.004512192811392479,signal
dip,AERO-USD,1665792000,1666483200,-0.008657013508797329,signal
dip,UNI-USD,1666224000,1666828800,-0.18899519499999984,stop
dip,UNI-USD,1666828800,1667088000,0.05604882480809614,signal
dip,ZRO-USD,1667606400,1668038400,0.10551657921369562,signal
dip,ZRO-USD,1669075200,1669766400,0.010233958040444913,signal
dip,UNI-USD,1669161600,1670025600,-0.07576883780930532,signal
dip,SOL-USD,1669939200,1670457600,0.05203125894887428,signal
dip,BTC-USD,1670371200,1670803200,0.06221985741478209,signal
dip,SOL-USD,1670889600,1671062400,0.07633352593823028,signal
dip,SOL-USD,1671408000,1671753600,0.04624996358585953,signal
dip,ZRO-USD,1671062400,1671840000,-0.04904465160776583,signal
dip,AERO-USD,1671840000,1672358400,0.02928364657589988,signal
dip,SOL-USD,1672358400,1672963200,-0.18834267179999986,stop
dip,UNI-USD,1672185600,1673049600,-0.06932377846458904,signal
dip,BTC-USD,1672790400,1673222400,-0.18768988620000004,stop
dip,SOL-USD,1672963200,1673222400,-0.08212729419137488,signal
dip,ETH-USD,1673049600,1673222400,0.060004538851784694,signal
dip,BTC-USD,1673222400,1673654400,-0.023824447683492234,signal
dip,ETH-USD,1673481600,1673654400,0.05594548142269984,signal
dip,ZRO-USD,1674086400,1674691200,0.002522270292629525,signal
dip,UNI-USD,1674432000,1675209600,-0.017286343315615516,signal
dip,ETH-USD,1675209600,1675641600,0.052078259258727666,signal
dip,ZRO-USD,1675900800,1675987200,0.04500569574451685,signal
dip,UNI-USD,1676592000,1676678400,-0.010268072990621935,signal
dip,AERO-USD,1677369600,1677542400,0.09484557573703634,signal
dip,UNI-USD,1677283200,1677801600,0.05825231438322964,signal
dip,UNI-USD,1678406400,1679184000,-0.04315791797654411,signal
dip,AERO-USD,1678665600,1679529600,-0.08103201116972136,signal
dip,BTC-USD,1679270400,1679529600,0.022412216840832055,signal
dip,SOL-USD,1680998400,1681862400,-0.09797046167965529,signal
dip,BTC-USD,1682035200,1682208000,0.06570606049038474,signal
dip,UNI-USD,1681776000,1682467200,-0.01018223736857038,signal
dip,BTC-USD,1682985600,1683072000,0.08324385915598853,signal
dip,SOL-USD,1682467200,1683331200,-0.061174999623928694,signal
dip,ETH-USD,1683072000,1683504000,0.08778634816821262,signal
dip,UNI-USD,1683158400,1683849600,-0.011262878787336561,signal
dip,ETH-USD,1683676800,1683849600,0.04243354316474468,signal
dip,BTC-USD,1683331200,1684195200,-0.06528703442754846,signal
dip,ZRO-USD,1683676800,1684281600,-0.04526054882776054,signal
dip,UNI-USD,1684195200,1684713600,0.07414927606470223,signal
dip,ZRO-USD,1684713600,1684886400,0.04748734466194526,signal
dip,UNI-USD,1684886400,1685664000,-0.0990977100906808,signal
dip,AERO-USD,1685145600,1685750400,-0.18899519499999973,stop
dip,AERO-USD,1685750400,1686009600,-0.06486595252473615,signal
dip,ETH-USD,1686009600,1686614400,0.010268204834645633,signal
dip,ZRO-USD,1687132800,1687996800,-0.1181582385820783,signal
dip,ETH-USD,1688428800,1688860800,0.054340035333846126,signal
dip,BTC-USD,1689033600,1689206400,0.03617766371953168,signal
dip,ETH-USD,1689552000,1689897600,0.006674086267709045,signal
dip,SOL-USD,1689292800,1690156800,-0.1545711189990573,signal
dip,BTC-USD,1691020800,1691712000,-0.18768988619999993,stop
dip,BTC-USD,1691712000,1691884800,0.014143223025663287,signal
dip,UNI-USD,1691798400,1691884800,0.032555822564870995,signal
dip,SOL-USD,1693526400,1694044800,0.02286998402206275,signal
dip,ZRO-USD,1693612800,1694476800,-0.043786750920681294,signal
dip,SOL-USD,1695340800,1695513600,0.0798990060228233,signal
dip,ETH-USD,1695340800,1695686400,0.11725650597720305,signal
dip,UNI-USD,1695772800,1695859200,0.021156557461140313,signal
dip,ETH-USD,1696291200,1696550400,0.10302472150740383,signal
dip,UNI-USD,1696118400,1696723200,0.0019518446845230297,signal
dip,SOL-USD,1696377600,1696896000,0.005048929768586952,signal
dip,ZRO-USD,1697155200,1697673600,0.08191818994936129,signal
dip,ETH-USD,1697328000,1697932800,-0.18768988620000004,stop
dip,ETH-USD,1697932800,1698192000,-0.07470524565487435,signal
dip,UNI-USD,1697846400,1698278400,0.018607795402978855,signal
dip,ZRO-USD,1698278400,1698710400,0.022286855072934486,signal
dip,BTC-USD,1698883200,1699747200,-0.014670901870113995,signal
dip,UNI-USD,1699920000,1700265600,-0.18899519499999995,stop
dip,ZRO-USD,1699488000,1700352000,-0.1154179887579816,signal
dip,UNI-USD,1700265600,1700784000,-0.07956833266461816,signal
dip,ETH-USD,1702684800,1702771200,0.05822648664919594,signal
dip,AERO-USD,1702857600,1703548800,-0.017050103606581435,signal
dip,ETH-USD,1703116800,1703980800,-0.0868368649181871,signal
dip,AERO-USD,1703894400,1704153600,0.03705563532688827,signal
dip,ETH-USD,1704844800,1705017600,0.05454600005810373,signal
dip,ZRO-USD,1704672000,1705276800,-0.0027074135599065574,signal
dip,AERO-USD,1705276800,1705622400,0.08032808796627444,signal
dip,UNI-USD,1705708800,1706572800,-0.11353354961386342,signal
dip,AERO-USD,1706572800,1706659200,0.01637565570774946,signal
dip,ZRO-USD,1707350400,1707782400,0.030528281734112594,signal
dip,UNI-USD,1707609600,1708128000,0.042250179257316,signal
dip,UNI-USD,1708473600,1708819200,0.015199879981147024,signal
dip,SOL-USD,1708214400,1708992000,-0.0378984769359213,signal
dip,ZRO-USD,1709251200,1709337600,0.01606385248241682,signal
dip,BTC-USD,1709078400,1709424000,0.07995068286577545,signal
dip,AERO-USD,1709078400,1709510400,-0.18899519499999995,stop
dip,AERO-USD,1709510400,1709769600,0.13369645665450536,signal
dip,SOL-USD,1709856000,1709942400,0.0889054905342781,signal
dip,AERO-USD,1710979200,1711065600,0.02690194075513963,signal
dip,BTC-USD,1710979200,1711152000,0.07164139550863324,signal
dip,SOL-USD,1710806400,1711238400,0.03137372686057782,signal
dip,ZRO-USD,1710892800,1711584000,-0.0147122568964686,signal
dip,BTC-USD,1711929600,1712016000,0.008036842287097556,signal
dip,ZRO-USD,1712016000,1712188800,0.06416607312255129,signal
dip,SOL-USD,1712102400,1712188800,-0.0018085931190142679,signal
dip,BTC-USD,1712102400,1712880000,0.00273100101759427,signal
dip,UNI-USD,1712707200,1712880000,0.0597947739603828,signal
dip,ZRO-USD,1712707200,1712880000,0.1131980212298549,signal
dip,ETH-USD,1713571200,1713657600,0.04221176450664044,signal
dip,ZRO-USD,1713312000,1714176000,0.007622730553621393,signal
dip,ETH-USD,1714435200,1715299200,-0.10592129343222956,signal
dip,AERO-USD,1714953600,1715385600,0.051745578196852327,signal
dip,SOL-USD,1714953600,1715817600,-0.0170678002613458,signal
dip,UNI-USD,1716163200,1716249600,0.042412977565417176,signal
dip,SOL-USD,1717027200,1717113600,0.00991984091155862,signal
dip,BTC-USD,1716595200,1717459200,-0.03768700517054768,signal
dip,AERO-USD,1717372800,1717891200,0.023608311566204687,signal
dip,UNI-USD,1717977600,1718236800,0.07880482941378153,signal
dip,AERO-USD,1718236800,1718323200,0.04838793133312924,signal
dip,BTC-USD,1717891200,1718755200,-0.13151694118011692,signal
dip,SOL-USD,1718409600,1719014400,-0.18834267179999997,stop
dip,SOL-USD,1719014400,1719273600,-0.03307609772751008,signal
dip,ETH-USD,1719705600,1719964800,0.06391563039670456,signal
dip,ETH-USD,1720569600,1720742400,0.0784084999642558,signal
dip,UNI-USD,1720224000,1720828800,0.030207574449059083,signal
dip,ETH-USD,1721001600,1721174400,0.11021702802196032,signal
dip,AERO-USD,1721001600,1721174400,0.10449674681664911,signal
dip,SOL-USD,1720396800,1721260800,-0.1222138870466355,signal
dip,ETH-USD,1721520000,1722124800,0.0119735547983566,signal
dip,AERO-USD,1721865600,1722729600,-0.044911207756021754,signal
dip,ETH-USD,1722902400,1723420800,0.11320040066037795,signal
dip,AERO-USD,1723766400,1723852800,0.054122431936828086,signal
dip,ZRO-USD,1723939200,1724112000,0.06238562269084125,signal
dip,ETH-USD,1723766400,1724457600,0.003623832221622436,signal
dip,AERO-USD,1724544000,1724716800,0.028229951308273993,signal
dip,UNI-USD,1724284800,1724976000,-0.05812856854986703,signal
dip,AERO-USD,1724976000,1725321600,0.052655026484452305,signal
dip,ZRO-USD,1725321600,1726185600,-0.11961774954600757,signal
dip,UNI-USD,1725926400,1726617600,0.04079617294796023,signal
dip,AERO-USD,1726185600,1726790400,-0.034512377174591435,signal
dip,SOL-USD,1727136000,1727222400,0.03940496984643649,signal
dip,BTC-USD,1727222400,1727827200,-0.18768988620000004,stop
dip,BTC-USD,1727827200,1728086400,0.023719069786062974,signal
dip,ZRO-USD,1727913600,1728432000,0.03668277004124998,signal
dip,ZRO-USD,1728604800,1728777600,0.03640666886035948,signal
dip,SOL-USD,1729468800,1729555200,-0.0002787675080526686,signal
dip,AERO-USD,1729555200,1730246400,0.010072221142100934,signal
dip,BTC-USD,1730160000,1730246400,0.05915976297912784,signal
dip,SOL-USD,1729987200,1730592000,0.03019963674610282,signal
dip,ZRO-USD,1730419200,1730592000,0.0489893535984296,signal
dip,BTC-USD,1731456000,1731542400,0.04268296495530288,signal
dip,SOL-USD,1730937600,1731801600,-0.08865811929314316,signal
dip,AERO-USD,1730937600,1731801600,-0.06284690195100451,signal
dip,BTC-USD,1733356800,1734048000,-0.039870247135791126,signal
dip,BTC-USD,1734566400,1734652800,-0.027985533409769392,signal
dip,BTC-USD,1734998400,1735603200,-0.18768988619999993,stop
dip,BTC-USD,1735603200,1735862400,-0.10531664705613442,signal
dip,ZRO-USD,1735776000,1735862400,-0.0054431253784117395,signal
dip,ZRO-USD,1736121600,1736985600,-0.16938205648095872,signal
dip,UNI-USD,1737763200,1738627200,-0.18899519499999973,stop
dip,ZRO-USD,1738627200,1739491200,-0.14058483977799097,signal
dip,AERO-USD,1740355200,1741219200,0.009721393322642324,signal
dip,ETH-USD,1741824000,1741910400,0.037709807522571914,signal
dip,AERO-USD,1741737600,1741996800,0.1349362656793116,signal
dip,ZRO-USD,1741996800,1742688000,-0.06654082177864351,signal
dip,AERO-USD,1742774400,1743033600,0.037346675788540784,signal
dip,ETH-USD,1742256000,1743120000,-0.06230999134256132,signal
dip,SOL-USD,1742601600,1743120000,-0.0194517363273512,signal
dip,BTC-USD,1742860800,1743292800,0.07904317947067296,signal
dip,ZRO-USD,1744502400,1744848000,0.11093584421072111,signal
dip,BTC-USD,1745539200,1745884800,0.0165546212376928,signal
dip,SOL-USD,1746144000,1746489600,0.06692910002088448,signal
dip,BTC-USD,1746144000,1747008000,-0.09236467386664227,signal
dip,ETH-USD,1747612800,1747699200,0.07404226622386889,signal
dip,ETH-USD,1748649600,1749168000,0.045950637103311154,signal
dip,AERO-USD,1748822400,1749168000,0.11728374985723944,signal
dip,BTC-USD,1748563200,1749427200,-0.03864602999552369,signal
dip,ZRO-USD,1748736000,1749600000,0.005228196841956301,signal
dip,SOL-USD,1749340800,1750204800,-0.07333641854016404,signal
dip,AERO-USD,1749427200,1750204800,-0.07178143654425917,signal
dip,ETH-USD,1750204800,1750896000,-0.18768988619999993,stop
dip,ETH-USD,1750896000,1751068800,0.01192873580108178,signal
dip,UNI-USD,1751760000,1752364800,0.00992793861987984,signal
dip,ETH-USD,1754611200,1755475200,-0.07684987764990392,signal
dip,AERO-USD,1756512000,1757116800,0.013531543440212124,signal
dip,ETH-USD,1758153600,1759017600,-0.18768988619999993,stop
dip,AERO-USD,1758844800,1759190400,0.08673881048475174,signal
dip,UNI-USD,1758585600,1759449600,-0.11231956231277185,signal
dip,SOL-USD,1759622400,1759795200,0.1249427618693486,signal
dip,AERO-USD,1759968000,1760400000,-0.18899519499999984,stop
dip,SOL-USD,1760140800,1760400000,0.0572685038659444,signal
dip,ETH-USD,1760313600,1760486400,0.036536486264275414,signal
dip,UNI-USD,1760054400,1760572800,-0.18899519499999984,stop
dip,AERO-USD,1760400000,1760832000,0.11245086352703093,signal
dip,UNI-USD,1760572800,1760832000,0.09503767399059915,signal
dip,ZRO-USD,1760572800,1761436800,-0.08488289758797674,signal
dip,SOL-USD,1760832000,1761609600,-0.18834267179999986,stop
dip,ETH-USD,1760745600,1761609600,-0.16143633261769919,signal
dip,SOL-USD,1761609600,1761696000,-0.026237986406707492,signal
dip,UNI-USD,1763424000,1763596800,0.04477981918619944,signal
dip,UNI-USD,1763942400,1764806400,-0.021267752218281144,signal
dip,ZRO-USD,1766534400,1766966400,0.06702588606389526,signal
dip,AERO-USD,1767052800,1767139200,0.02020484763575059,signal
dip,SOL-USD,1767484800,1768348800,-0.18834267179999986,stop
dip,AERO-USD,1768435200,1769299200,-0.16433782351421833,signal
dip,ETH-USD,1769990400,1770163200,0.042995547248296795,signal
dip,SOL-USD,1770249600,1770508800,0.03535817845635658,signal
dip,BTC-USD,1771286400,1771372800,0.01346807741329803,signal
dip,AERO-USD,1771632000,1771718400,0.12195322895210747,signal
dip,ETH-USD,1771545600,1772409600,-0.05539871771205884,signal
dip,BTC-USD,1772236800,1773014400,0.010614974688158085,signal
dip,AERO-USD,1772409600,1773273600,-0.08709327765086461,signal
dip,ZRO-USD,1773014400,1773360000,0.020204132615912362,signal
dip,BTC-USD,1773360000,1773619200,0.07774775937366862,signal
dip,AERO-USD,1773360000,1774224000,-0.18899519499999984,stop
dip,ETH-USD,1773964800,1774828800,-0.18768988619999993,stop
dip,UNI-USD,1774051200,1774828800,-0.055761176628850384,signal
dip,BTC-USD,1774137600,1775001600,-0.18768988619999993,stop
dip,ZRO-USD,1774742400,1775174400,0.02699858900600005,signal
dip,SOL-USD,1775433600,1775692800,0.075753451353743,signal
dip,UNI-USD,1775174400,1775865600,-0.09812024235994288,signal
dip,SOL-USD,1776211200,1776297600,0.08635479606517804,signal
dip,SOL-USD,1778457600,1778716800,0.06352123655612285,signal
dip,SOL-USD,1779062400,1779926400,-0.02615952951250544,signal
dip,ZRO-USD,1780099200,1780185600,0.04049592962113402,signal
dip,ZRO-USD,1780358400,1781136000,0.1220010567954033,signal
dip,ZRO-USD,1781308800,1781395200,0.03489705105157137,signal
dip,BTC-USD,1781222400,1781913600,-0.04911118069473186,signal
dip,AERO-USD,1782345600,1782604800,0.09837610685429965,signal
dip,ZRO-USD,1783123200,1783468800,0.10555495283536187,signal
dip,BTC-USD,1783123200,1783728000,-0.18768988620000004,stop
dip,BTC-USD,1783728000,1783987200,0.01641489867122181,signal
dip,UNI-USD,1783555200,1784419200,-0.001677683804813257,signal
dip,AERO-USD,1784764800,1785283200,0.05747300295848268,signal
dip,AERO-USD,1785456000,1785801600,0.032694179758776976,signal
dip,AERO-USD,1786665600,1786838400,0.07627263171304599,signal
dip,UNI-USD,1786579200,1786924800,0.03233373338932499,signal
dip,ZRO-USD,1786320000,1787011200,0.04039024034579497,signal
dip,AERO-USD,1788134400,1788393600,0.09493225447126807,signal
dip,ZRO-USD,1788134400,1788566400,0.07664762948217807,signal
dip,UNI-USD,1789084800,1789603200,-0.18899519500000006,stop
dip,UNI-USD,1789603200,1789948800,-0.1274604685874221,signal
dip,SOL-USD,1789344000,1790208000,-0.15264685185790505,signal
dip,AERO-USD,1789430400,1790294400,-0.0889211349980027,signal
dip,SOL-USD,1790294400,1790726400,0.0035402959171142445,signal
dip,ZRO-USD,1790208000,1791072000,-0.14827705091465815,signal
rotation,BTC-USD,1569801600,1570406400,0.02931252482953739,signal
rotation,ZRO-USD,1570406400,1571011200,-0.11570694316318919,signal
rotation,UNI-USD,1569801600,1571184000,-0.18899519499999973,stop
rotation,SOL-USD,1569801600,1573430400,0.1285728997342248,signal
rotation,ETH-USD,1571616000,1574035200,-0.007689658025908708,signal
rotation,SOL-USD,1574035200,1574640000,-0.06704853978592706,signal
rotation,ZRO-USD,1574640000,1575244800,-0.07164207964763414,signal
rotation,BTC-USD,1571011200,1575849600,0.1381777918524305,signal
rotation,ZRO-USD,1575849600,1577664000,-0.025169284083250032,signal
rotation,UNI-USD,1574035200,1578873600,0.09921175036535956,signal
rotation,SOL-USD,1575849600,1581292800,-0.015557706595015208,signal
rotation,AERO-USD,1577664000,1581292800,0.006682961201330828,signal
rotation,BTC-USD,1578873600,1581897600,-0.001550609244122314,signal
rotation,ZRO-USD,1581292800,1582502400,0.013179608140802213,signal
rotation,AERO-USD,1583712000,1584316800,-0.032904139983032765,signal
rotation,SOL-USD,1583712000,1586131200,-0.18834267179999997,stop
rotation,ETH-USD,1584316800,1586736000,-0.05235832764775794,signal
rotation,ZRO-USD,1587945600,1589500800,-0.18899519500000006,stop
rotation,BTC-USD,1586736000,1589760000,-0.07174230642209423,signal
rotation,UNI-USD,1581897600,1590364800,0.4962072620757938,signal
rotation,ETH-USD,1590969600,1593388800,-0.05337397711224734,signal
rotation,AERO-USD,1592784000,1593388800,-0.04471826128206924,signal
rotation,AERO-USD,1593993600,1594598400,-0.029787766548261763,signal
rotation,ETH-USD,1593993600,1595203200,-0.1349400334474612,signal
rotation,SOL-USD,1594598400,1596412800,-0.03341806886697074,signal
rotation,AERO-USD,1595203200,1598227200,0.18002365832814937,signal
rotation,ZRO-USD,1593993600,1599436800,0.3832065940645466,signal
rotation,SOL-USD,1598227200,1599782400,-0.18834267179999986,stop
rotation,ETH-USD,1599436800,1600041600,-0.0916142892930798,signal
rotation,UNI-USD,1596412800,1600646400,0.17830907080487823,signal
rotation,SOL-USD,1600041600,1600646400,0.06360129760373723,signal
rotation,ZRO-USD,1601251200,1602720000,-0.18899519499999995,stop
rotation,ETH-USD,1600646400,1604880000,0.13382548016286,signal
rotation,BTC-USD,1605484800,1606694400,-0.18768988619999993,stop
rotation,BTC-USD,1606694400,1607299200,-0.1375571446866063,signal
rotation,SOL-USD,1606089600,1608508800,-0.06111284256415628,signal
rotation,ETH-USD,1607904000,1609718400,-0.13123510586596476,signal
rotation,UNI-USD,1603670400,1610928000,0.9469706272721075,signal
rotation,AERO-USD,1608508800,1612137600,0.3681252725266462,signal
rotation,BTC-USD,1609718400,1612137600,-0.08458311024301968,signal
rotation,ETH-USD,1612137600,1612742400,-0.05609113580786129,signal
rotation,SOL-USD,1610928000,1614556800,0.22833104067096932,signal
rotation,ETH-USD,1614556800,1615161600,-0.1576169203028821,signal
rotation,UNI-USD,1615161600,1615766400,-0.13493902375022138,signal
rotation,BTC-USD,1615766400,1616371200,-0.12216061611040097,signal
rotation,ZRO-USD,1612137600,1617580800,0.6570472750231049,signal
rotation,UNI-USD,1616976000,1617580800,-0.004369711270462262,signal
rotation,SOL-USD,1617580800,1617926400,-0.18834267180000008,stop
rotation,ETH-USD,1617580800,1619395200,-0.13602328314161638,signal
rotation,ZRO-USD,1618185600,1621209600,0.353132656144608,signal
rotation,AERO-USD,1612742400,1621814400,1.6897500499763978,signal
rotation,BTC-USD,1619395200,1622419200,0.057667917262435475,signal
rotation,ETH-USD,1621209600,1622851200,-0.18768988619999982,stop
rotation,ETH-USD,1623024000,1623628800,0.048472523377687926,signal
rotation,AERO-USD,1622419200,1624233600,-0.12628445443316494,signal
rotation,ZRO-USD,1621814400,1625443200,0.1875735324894643,signal
rotation,ETH-USD,1624233600,1625702400,-0.18768988620000016,stop
rotation,ETH-USD,1626048000,1626652800,-0.032424682815713424,signal
rotation,BTC-USD,1625443200,1628467200,0.1228468596378014,signal
rotation,SOL-USD,1627257600,1628467200,-0.10974554749151,signal
rotation,ETH-USD,1628467200,1629504000,-0.18768988620000004,stop
rotation,ETH-USD,1629676800,1630886400,-0.1361712794180162,signal
rotation,ZRO-USD,1630886400,1631750400,-0.18899519499999973,stop
rotation,UNI-USD,1624233600,1632096000,0.5871058463725922,signal
rotation,ETH-USD,1632096000,1632700800,-0.0328478591744128,signal
rotation,ZRO-USD,1632096000,1632700800,-0.09120401785934784,signal
rotation,AERO-USD,1628467200,1634515200,0.3093386981356916,signal
rotation,UNI-USD,1632700800,1635120000,0.09310184355462914,signal
rotation,BTC-USD,1634515200,1635120000,0.017732272235571278,signal
rotation,ETH-USD,1633305600,1635724800,0.08049275346293894,signal
rotation,AERO-USD,1635120000,1635724800,-0.009958909023247475,signal
rotation,ZRO-USD,1635724800,1636329600,0.1021766288369339,signal
rotation,UNI-USD,1636329600,1638144000,0.12071241467244676,signal
rotation,SOL-USD,1635120000,1638748800,0.21848394540783533,signal
rotation,BTC-USD,1635724800,1639353600,0.3313823684783255,signal
rotation,UNI-USD,1638748800,1639958400,-0.014013372157503867,signal
rotation,BTC-USD,1639958400,1640390400,-0.18768988620000004,stop
rotation,ZRO-USD,1638144000,1640563200,0.0851647027050273,signal
rotation,ETH-USD,1640563200,1641168000,-0.07421923777095141,signal
rotation,SOL-USD,1639353600,1641772800,-0.15795920884176684,signal
rotation,BTC-USD,1641168000,1641772800,-0.11259093907736706,signal
rotation,UNI-USD,1640563200,1642377600,-0.1134803135730883,signal
rotation,ZRO-USD,1641772800,1643155200,-0.18899519499999984,stop
rotation,AERO-USD,1642377600,1643587200,-0.11980100312971409,signal
rotation,AERO-USD,1644192000,1644796800,0.14071682958423914,signal
rotation,SOL-USD,1642982400,1645401600,-0.06051690274603694,signal
rotation,ETH-USD,1643587200,1646006400,0.08254027772397454,signal
rotation,ZRO-USD,1646006400,1647216000,-0.012904342092580956,signal
rotation,AERO-USD,1645401600,1647820800,-0.11360754530550132,signal
rotation,BTC-USD,1647216000,1648339200,-0.18768988619999993,stop
rotation,ETH-USD,1647820800,1648425600,-0.16119474471136597,signal
rotation,UNI-USD,1644796800,1649635200,0.19865796318163031,signal
rotation,AERO-USD,1650240000,1650844800,-0.10117341633222965,signal
rotation,SOL-USD,1648425600,1651449600,-0.07486758464962373,signal
rotation,ZRO-USD,1648425600,1652054400,0.14971142637735602,signal
rotation,ETH-USD,1650844800,1653264000,-0.06986275630535899,signal
rotation,BTC-USD,1652054400,1653868800,-0.12907310647730375,signal
rotation,UNI-USD,1653868800,1656288000,-0.053387518438415604,signal
rotation,BTC-USD,1656288000,1657497600,-0.18768988619999993,stop
rotation,AERO-USD,1652054400,1657497600,0.10761473601502192,signal
rotation,ETH-USD,1657497600,1658102400,0.04348693414489824,signal
rotation,AERO-USD,1658102400,1658707200,-0.09336856130803539,signal
rotation,BTC-USD,1658707200,1659312000,0.042308350337674216,signal
rotation,ZRO-USD,1658102400,1659916800,0.2510904972661612,signal
rotation,AERO-USD,1659312000,1660521600,-0.0448923216518875,signal
rotation,ZRO-USD,1660521600,1661040000,-0.18899519499999984,stop
rotation,SOL-USD,1656892800,1661731200,0.7451766343643589,signal
rotation,AERO-USD,1661126400,1662336000,-0.016607135659492123,signal
rotation,SOL-USD,1662336000,1662681600,-0.18834267179999986,stop
rotation,BTC-USD,1659916800,1664150400,0.4003896614453337,signal
rotation,ETH-USD,1661731200,1664150400,-0.016007202993124303,signal
rotation,SOL-USD,1662940800,1664755200,0.07968236725658695,signal
rotation,ZRO-USD,1664755200,1665964800,-0.14641373363130783,signal
rotation,UNI-USD,1664150400,1666569600,-0.15817961870042396,signal
rotation,AERO-USD,1664150400,1666569600,-0.08437952296728557,signal
rotation,ZRO-USD,1666569600,1667174400,0.010395230185477056,signal
rotation,BTC-USD,1667174400,1667779200,-0.011443320223051057,signal
rotation,ETH-USD,1666569600,1668384000,-0.05390094698955039,signal
rotation,UNI-USD,1667779200,1669593600,-0.09719198164810239,signal
rotation,ZRO-USD,1668384000,1669593600,0.04533649045699262,signal
rotation,AERO-USD,1669593600,1670198400,-0.08608524953855057,signal
rotation,SOL-USD,1665964800,1671408000,0.561982956025163,signal
rotation,ZRO-USD,1670198400,1671408000,-0.0123383995447508,signal
rotation,AERO-USD,1671408000,1672012800,-0.09197683818028457,signal
rotation,UNI-USD,1672012800,1672444800,-0.18899519499999984,stop
rotation,BTC-USD,1669593600,1672617600,0.28818092934479633,signal
rotation,UNI-USD,1672617600,1674432000,-0.07909327783731135,signal
rotation,ZRO-USD,1672617600,1675641600,-0.035215356243110896,signal
rotation,AERO-USD,1674432000,1676851200,0.30368342705908424,signal
rotation,UNI-USD,1675641600,1678060800,0.10158980353093283,signal
rotation,AERO-USD,1678060800,1678665600,-0.18899519499999984,stop
rotation,ZRO-USD,1676851200,1679875200,-0.05758169866024698,signal
rotation,SOL-USD,1679875200,1681689600,-0.1542042320275827,signal
rotation,BTC-USD,1679875200,1682294400,0.18597732777872245,signal
rotation,UNI-USD,1682294400,1682899200,-0.03506103544127781,signal
rotation,ETH-USD,1671408000,1684713600,3.8318664868998864,signal
rotation,UNI-USD,1684713600,1685059200,-0.18899519499999995,stop
rotation,AERO-USD,1681689600,1685923200,0.444300649578685,signal
rotation,ETH-USD,1685318400,1686355200,-0.18768988619999982,stop
rotation,ZRO-USD,1682899200,1687737600,0.014846319934879615,signal
rotation,ETH-USD,1686528000,1688342400,0.012677181806596494,signal
rotation,SOL-USD,1687737600,1688947200,0.06880089943642909,signal
rotation,UNI-USD,1688947200,1689465600,-0.18899519499999995,stop
rotation,AERO-USD,1688342400,1690156800,-0.11699089048018096,signal
rotation,ZRO-USD,1689552000,1690761600,-0.008364434615436123,signal
rotation,UNI-USD,1690156800,1691366400,0.037139707861324256,signal
rotation,BTC-USD,1687737600,1692576000,0.03793630702236106,signal
rotation,ZRO-USD,1692576000,1693180800,-0.03878060040649278,signal
rotation,SOL-USD,1691971200,1694390400,-0.05024907726523231,signal
rotation,ETH-USD,1693180800,1694995200,-0.08590901124654049,signal
rotation,SOL-USD,1695600000,1696809600,-0.0773068176102003,signal
rotation,ETH-USD,1696204800,1697414400,-0.18768988619999982,stop
rotation,UNI-USD,1691971200,1698019200,0.2881228916246532,signal
rotation,SOL-USD,1697414400,1698019200,-0.13435333665884375,signal
rotation,BTC-USD,1698019200,1698969600,-0.18768988619999982,stop
rotation,UNI-USD,1698624000,1700179200,-0.18899519499999984,stop
rotation,ZRO-USD,1696809600,1700438400,-0.12109438001764172,signal
rotation,ETH-USD,1701043200,1704067200,0.04113051578293114,signal
rotation,AERO-USD,1701043200,1704067200,-0.021973787303258496,signal
rotation,ZRO-USD,1702252800,1705881600,8.912740767752503e-05,signal
rotation,UNI-USD,1704672000,1707091200,-0.010640929173085234,signal
rotation,ZRO-USD,1707091200,1707696000,-0.09820744645298662,signal
rotation,AERO-USD,1705881600,1709510400,0.15113444143089416,signal
rotation,SOL-USD,1706486400,1709510400,0.10713234423213858,signal
rotation,BTC-USD,1708300800,1710720000,-0.03301518221108635,signal
rotation,ZRO-USD,1709510400,1711929600,0.1235874518335911,signal
rotation,UNI-USD,1711324800,1711929600,-0.10999878820358588,signal
rotation,BTC-USD,1711324800,1713744000,0.04944714056946342,signal
rotation,ETH-USD,1711929600,1714348800,0.1384577907113982,signal
rotation,SOL-USD,1711929600,1714953600,0.05830237527154636,signal
rotation,BTC-USD,1714953600,1716768000,0.0029224241892167324,signal
rotation,UNI-USD,1713744000,1717977600,0.05914951155433679,signal
rotation,AERO-USD,1714348800,1718582400,0.15464510588718317,signal
rotation,SOL-USD,1716768000,1719187200,-0.12484343700787293,signal
rotation,UNI-USD,1718582400,1719187200,-0.09016489384178283,signal
rotation,UNI-USD,1719792000,1721001600,-0.18899519499999973,stop
rotation,ETH-USD,1717977600,1721606400,0.320862015974811,signal
rotation,AERO-USD,1719187200,1722211200,0.03938966070040206,signal
rotation,ETH-USD,1722211200,1723420800,0.015656081456278725,signal
rotation,UNI-USD,1721606400,1724025600,0.09187671253963359,signal
rotation,AERO-USD,1723420800,1725840000,0.04606336701986913,signal
rotation,ZRO-USD,1721001600,1727049600,1.164416029928684,signal
rotation,UNI-USD,1727049600,1727395200,-0.18899519499999984,stop
rotation,BTC-USD,1725840000,1727654400,-0.09270310978587548,signal
rotation,ZRO-USD,1728864000,1730073600,-0.025042957580309055,signal
rotation,SOL-USD,1724025600,1730678400,0.4346989323877002,signal
rotation,AERO-USD,1727654400,1731283200,0.052488393887873075,signal
rotation,ZRO-USD,1730678400,1731283200,-0.023324919558073365,signal
rotation,ETH-USD,1732492800,1733702400,-0.15496458793321122,signal
rotation,UNI-USD,1733702400,1734307200,-0.18899519499999973,stop
rotation,BTC-USD,1730073600,1735516800,0.49408753596689325,signal
rotation,UNI-USD,1735516800,1736121600,-0.06072864641712561,signal
rotation,ZRO-USD,1734912000,1737331200,-0.03226264257850342,signal
rotation,UNI-USD,1736726400,1737936000,-0.014497667909293743,signal
rotation,SOL-USD,1740355200,1741219200,-0.18834267179999997,stop
rotation,AERO-USD,1739145600,1741564800,0.07815367359912928,signal
rotation,ZRO-USD,1741564800,1742169600,-0.1382174300667557,signal
rotation,UNI-USD,1741564800,1742515200,-0.18899519499999995,stop
rotation,ETH-USD,1738540800,1743379200,-0.04901154853847278,signal
rotation,ZRO-USD,1743379200,1743984000,-0.029578056875640746,signal
rotation,UNI-USD,1744588800,1745798400,-0.15606938758661992,signal
rotation,ZRO-USD,1746403200,1746662400,-0.18899519499999984,stop
rotation,BTC-USD,1742169600,1747008000,0.2068500247732954,signal
rotation,SOL-USD,1743379200,1747612800,0.32639492903566114,signal
rotation,AERO-USD,1747008000,1748822400,0.0009319940917675851,signal
rotation,SOL-USD,1748822400,1749427200,-0.12431882774132241,signal
rotation,ZRO-USD,1749427200,1750032000,-0.10233787286248497,signal
rotation,ETH-USD,1747008000,1750636800,0.04709662238538548,signal
rotation,UNI-USD,1747612800,1751846400,0.15762499084093506,signal
rotation,ZRO-USD,1752451200,1753056000,-0.004456496566188295,signal
rotation,UNI-USD,1754265600,1754870400,-0.0647348865020092,signal
rotation,ETH-USD,1753056000,1756080000,0.05764850073760863,signal
rotation,AERO-USD,1751846400,1756684800,0.5187757430887445,signal
rotation,ZRO-USD,1756684800,1757289600,-0.1545335774116059,signal
rotation,ETH-USD,1756684800,1759104000,-0.06536345643119756,signal
rotation,AERO-USD,1757289600,1759708800,0.12752465888941344,signal
rotation,UNI-USD,1755475200,1760313600,0.32214043954664673,signal
rotation,ZRO-USD,1759708800,1760572800,-0.18899519499999995,stop
rotation,SOL-USD,1759104000,1761004800,-0.18834267179999997,stop
rotation,UNI-USD,1761523200,1763942400,-0.07774513102120584,signal
rotation,AERO-USD,1762732800,1765152000,-0.017631255202575136,signal
rotation,ETH-USD,1764547200,1765152000,0.08041060716017134,signal
rotation,SOL-USD,1765152000,1765756800,-0.005466401514450325,signal
rotation,ZRO-USD,1763942400,1766361600,0.05890184744527449,signal
rotation,BTC-USD,1765152000,1766966400,0.016764777089384175,signal
rotation,SOL-USD,1766966400,1767571200,-0.08120179936956506,signal
rotation,AERO-USD,1765756800,1769385600,0.13997695257105525,signal
rotation,ETH-USD,1766361600,1769990400,0.20457851991434528,signal
rotation,SOL-USD,1769990400,1770595200,-0.15126811072811874,signal
rotation,AERO-USD,1769990400,1770595200,0.11843409697162777,signal
rotation,ZRO-USD,1770595200,1771200000,-0.011350636090209365,signal
rotation,ETH-USD,1770595200,1771804800,-0.09950207387248944,signal
rotation,ZRO-USD,1771804800,1773014400,-0.0760587085958141,signal
rotation,BTC-USD,1767571200,1773619200,1.4643549232564106,signal
rotation,AERO-USD,1771200000,1773619200,-0.15206165376369185,signal
rotation,ETH-USD,1773619200,1774224000,-0.18768988620000004,stop
rotation,UNI-USD,1773619200,1774224000,-0.1125702409237892,signal
rotation,ZRO-USD,1774224000,1774828800,-0.15572529516962874,signal
rotation,UNI-USD,1774828800,1775347200,-0.18899519499999984,stop
rotation,ZRO-USD,1775433600,1776038400,-0.129721464104529,signal
rotation,AERO-USD,1776643200,1777248000,-0.11774568497958982,signal
rotation,ETH-USD,1777248000,1777852800,-0.022425509445866965,signal
rotation,SOL-USD,1773014400,1778457600,0.18835770729330203,signal
rotation,BTC-USD,1777248000,1780272000,0.017444724819028812,signal
rotation,ZRO-USD,1778457600,1780876800,-0.05871601032055296,signal
rotation,BTC-USD,1780876800,1781395200,-0.18768988619999982,stop
rotation,UNI-USD,1781481600,1784505600,0.19631736152510415,signal
rotation,ZRO-USD,1781481600,1784505600,0.03105028194972892,signal
rotation,AERO-USD,1780272000,1785715200,0.3518978370605339,signal
rotation,ETH-USD,1784505600,1785715200,-0.13465912578307038,signal
rotation,UNI-USD,1785715200,1787529600,-0.05951742954689254,signal
rotation,ZRO-USD,1785110400,1788134400,-0.03032083037380673,signal
rotation,SOL-USD,1787529600,1788134400,-0.1248290203100384,signal
rotation,BTC-USD,1788134400,1788739200,0.013593551006986004,signal
rotation,SOL-USD,1788739200,1789862400,-0.18834267179999986,stop
rotation,AERO-USD,1786924800,1789948800,-0.025732685118207477,signal
rotation,BTC-USD,1789948800,1790553600,-0.006722989834139992,signal
rotation,ZRO-USD,1788739200,1791158400,-0.1421410308968737,signal
